,Oil,Oil,NZD/USD,NZD/USD,10-Yr Rate,10-Yr Rate,AIR.NZ,AIR.NZ
,PCT Change %,Factor,PCT Change %,Factor,PCT Change %,Factor,PCT Change %,Factor
2016-06-14,,BZ=F,-0.099,NZDUSD=X,-0.309,^TNX,-4.368,AIR.NZ
2016-06-15,-1.726,BZ=F,-0.811,NZDUSD=X,-0.931,^TNX,1.923,AIR.NZ
2016-06-16,-3.635,BZ=F,1.317,NZDUSD=X,-2.005,^TNX,0.943,AIR.NZ
2016-06-17,4.196,BZ=F,-0.233,NZDUSD=X,3.453,^TNX,-3.271,AIR.NZ
2016-06-20,3.01,BZ=F,0.376,NZDUSD=X,3.214,^TNX,0.966,AIR.NZ
2016-06-21,-0.059,BZ=F,0.391,NZDUSD=X,1.617,^TNX,0.0,AIR.NZ
2016-06-22,-1.462,BZ=F,0.214,NZDUSD=X,-0.707,^TNX,-0.478,AIR.NZ
2016-06-23,2.065,BZ=F,0.415,NZDUSD=X,3.205,^TNX,1.923,AIR.NZ
2016-06-24,-4.911,BZ=F,0.533,NZDUSD=X,-9.201,^TNX,-1.887,AIR.NZ
2016-06-27,-2.582,BZ=F,-1.469,NZDUSD=X,-7.536,^TNX,-2.644,AIR.NZ
2016-06-28,3.011,BZ=F,-1.102,NZDUSD=X,0.068,^TNX,1.235,AIR.NZ
2016-06-29,4.179,BZ=F,0.885,NZDUSD=X,1.095,^TNX,0.0,AIR.NZ
2016-06-30,-1.838,BZ=F,0.648,NZDUSD=X,0.745,^TNX,2.195,AIR.NZ
2016-07-01,0.322,BZ=F,0.171,NZDUSD=X,-2.151,^TNX,-0.239,AIR.NZ
2016-07-05,-3.772,BZ=F,0.527,NZDUSD=X,-6.113,^TNX,1.896,AIR.NZ
2016-07-06,1.751,BZ=F,-1.134,NZDUSD=X,1.317,^TNX,0.698,AIR.NZ
2016-07-07,-4.918,BZ=F,0.029,NZDUSD=X,0.144,^TNX,-1.155,AIR.NZ
2016-07-08,0.776,BZ=F,1.411,NZDUSD=X,-1.514,^TNX,0.234,AIR.NZ
2016-07-11,-1.091,BZ=F,0.883,NZDUSD=X,4.978,^TNX,0.233,AIR.NZ
2016-07-12,4.8,BZ=F,-0.94,NZDUSD=X,5.509,^TNX,0.465,AIR.NZ
2016-07-13,-4.56,BZ=F,0.875,NZDUSD=X,-2.974,^TNX,0.694,AIR.NZ
2016-07-14,2.399,BZ=F,-0.428,NZDUSD=X,4.292,^TNX,2.529,AIR.NZ
2016-07-15,0.507,BZ=F,-1.368,NZDUSD=X,4.115,^TNX,1.121,AIR.NZ
2016-07-18,-1.365,BZ=F,-1.231,NZDUSD=X,-0.439,^TNX,0.444,AIR.NZ
2016-07-19,-0.639,BZ=F,-0.507,NZDUSD=X,-1.827,^TNX,-1.545,AIR.NZ
2016-07-20,1.093,BZ=F,0.127,NZDUSD=X,1.412,^TNX,-2.242,AIR.NZ
2016-07-21,-2.056,BZ=F,-1.149,NZDUSD=X,-0.949,^TNX,-0.459,AIR.NZ
2016-07-22,-1.104,BZ=F,0.589,NZDUSD=X,0.319,^TNX,-0.922,AIR.NZ
2016-07-25,-2.123,BZ=F,0.042,NZDUSD=X,0.064,^TNX,0.0,AIR.NZ
2016-07-26,0.335,BZ=F,-0.175,NZDUSD=X,-0.509,^TNX,1.163,AIR.NZ
2016-07-27,-3.12,BZ=F,0.989,NZDUSD=X,-3.071,^TNX,-0.69,AIR.NZ
2016-07-28,-1.771,BZ=F,0.383,NZDUSD=X,-0.264,^TNX,1.389,AIR.NZ
2016-07-29,-0.562,BZ=F,-0.057,NZDUSD=X,-3.508,^TNX,0.913,AIR.NZ
2016-08-01,-0.024,BZ=F,1.402,NZDUSD=X,2.606,^TNX,2.263,AIR.NZ
2016-08-02,-1.531,BZ=F,-0.23,NZDUSD=X,2.741,^TNX,3.097,AIR.NZ
2016-08-03,3.11,BZ=F,0.505,NZDUSD=X,0.325,^TNX,-1.073,AIR.NZ
2016-08-04,2.761,BZ=F,-0.737,NZDUSD=X,-2.529,^TNX,-1.302,AIR.NZ
2016-08-05,-0.045,BZ=F,0.337,NZDUSD=X,5.256,^TNX,0.22,AIR.NZ
2016-08-08,2.53,BZ=F,-0.861,NZDUSD=X,0.063,^TNX,0.219,AIR.NZ
2016-08-09,-0.903,BZ=F,0.386,NZDUSD=X,-2.401,^TNX,-0.656,AIR.NZ
2016-08-10,-2.068,BZ=F,0.251,NZDUSD=X,-2.33,^TNX,-1.982,AIR.NZ
2016-08-11,4.518,BZ=F,1.75,NZDUSD=X,4.241,^TNX,0.225,AIR.NZ
2016-08-12,2.02,BZ=F,-1.067,NZDUSD=X,-3.687,^TNX,-1.345,AIR.NZ
2016-08-15,2.938,BZ=F,-0.266,NZDUSD=X,2.508,^TNX,-0.909,AIR.NZ
2016-08-16,1.82,BZ=F,0.332,NZDUSD=X,1.481,^TNX,0.459,AIR.NZ
2016-08-17,1.259,BZ=F,1.006,NZDUSD=X,-0.952,^TNX,0.457,AIR.NZ
2016-08-18,2.086,BZ=F,-0.276,NZDUSD=X,-1.602,^TNX,2.273,AIR.NZ
2016-08-19,-0.02,BZ=F,0.197,NZDUSD=X,2.734,^TNX,-1.111,AIR.NZ
2016-08-22,-3.381,BZ=F,-0.464,NZDUSD=X,-2.471,^TNX,0.225,AIR.NZ
2016-08-23,1.627,BZ=F,0.488,NZDUSD=X,0.91,^TNX,-0.448,AIR.NZ
2016-08-24,-1.821,BZ=F,-0.116,NZDUSD=X,0.386,^TNX,0.0,AIR.NZ
2016-08-25,1.264,BZ=F,0.571,NZDUSD=X,1.155,^TNX,0.45,AIR.NZ
2016-08-26,0.503,BZ=F,-0.212,NZDUSD=X,3.678,^TNX,-0.448,AIR.NZ
2016-08-29,-1.322,BZ=F,-1.048,NZDUSD=X,-4.22,^TNX,2.477,AIR.NZ
2016-08-30,-1.807,BZ=F,0.486,NZDUSD=X,0.255,^TNX,-0.22,AIR.NZ
2016-08-31,-2.75,BZ=F,-0.275,NZDUSD=X,-0.127,^TNX,-0.44,AIR.NZ
2016-09-01,0.021,BZ=F,0.065,NZDUSD=X,0.128,^TNX,0.0,AIR.NZ
2016-09-02,-0.468,BZ=F,0.664,NZDUSD=X,1.656,^TNX,0.664,AIR.NZ
2016-09-06,0.918,BZ=F,0.205,NZDUSD=X,-3.321,^TNX,1.489,AIR.NZ
2016-09-07,1.523,BZ=F,1.522,NZDUSD=X,-0.13,^TNX,1.048,AIR.NZ
2016-09-08,4.189,BZ=F,0.395,NZDUSD=X,4.867,^TNX,-0.0,AIR.NZ
2016-09-09,-3.961,BZ=F,-0.615,NZDUSD=X,3.465,^TNX,-0.728,AIR.NZ
2016-09-12,0.646,BZ=F,-0.939,NZDUSD=X,0.0,^TNX,-5.379,AIR.NZ
2016-09-13,-2.525,BZ=F,0.376,NZDUSD=X,3.708,^TNX,2.584,AIR.NZ
2016-09-14,-2.654,BZ=F,-1.53,NZDUSD=X,-2.595,^TNX,-2.519,AIR.NZ
2016-09-15,1.614,BZ=F,0.291,NZDUSD=X,0.829,^TNX,-0.258,AIR.NZ
2016-09-16,-1.76,BZ=F,0.696,NZDUSD=X,-0.117,^TNX,0.518,AIR.NZ
2016-09-19,0.393,BZ=F,-0.655,NZDUSD=X,-0.294,^TNX,0.516,AIR.NZ
2016-09-20,-0.152,BZ=F,0.409,NZDUSD=X,-0.472,^TNX,0.256,AIR.NZ
2016-09-21,2.071,BZ=F,0.249,NZDUSD=X,-1.185,^TNX,-3.325,AIR.NZ
2016-09-22,1.751,BZ=F,0.316,NZDUSD=X,-2.158,^TNX,-0.794,AIR.NZ
2016-09-23,-3.694,BZ=F,-0.439,NZDUSD=X,-1.042,^TNX,-2.933,AIR.NZ
2016-09-26,3.182,BZ=F,-1.071,NZDUSD=X,-1.61,^TNX,-1.099,AIR.NZ
2016-09-27,-2.914,BZ=F,0.568,NZDUSD=X,-2.077,^TNX,2.778,AIR.NZ
2016-09-28,5.917,BZ=F,0.277,NZDUSD=X,0.707,^TNX,1.351,AIR.NZ
2016-09-29,1.13,BZ=F,-0.146,NZDUSD=X,-0.638,^TNX,-0.8,AIR.NZ
2016-09-30,-0.366,BZ=F,-0.551,NZDUSD=X,3.276,^TNX,0.0,AIR.NZ
2016-10-03,0.082,BZ=F,0.276,NZDUSD=X,0.871,^TNX,-2.151,AIR.NZ
2016-10-04,3.605,BZ=F,0.431,NZDUSD=X,3.761,^TNX,-1.648,AIR.NZ
2016-10-05,1.946,BZ=F,-1.495,NZDUSD=X,1.961,^TNX,0.279,AIR.NZ
2016-10-06,1.253,BZ=F,-0.215,NZDUSD=X,1.515,^TNX,-1.393,AIR.NZ
2016-10-07,-1.105,BZ=F,-0.122,NZDUSD=X,-0.344,^TNX,0.0,AIR.NZ
2016-10-11,0.924,BZ=F,-0.606,NZDUSD=X,2.089,^TNX,-0.562,AIR.NZ
2016-10-12,-1.145,BZ=F,-0.63,NZDUSD=X,1.08,^TNX,1.695,AIR.NZ
2016-10-13,0.425,BZ=F,-0.5,NZDUSD=X,-2.25,^TNX,-4.722,AIR.NZ
2016-10-14,-0.154,BZ=F,0.546,NZDUSD=X,3.222,^TNX,1.749,AIR.NZ
2016-10-17,-0.828,BZ=F,0.05,NZDUSD=X,-1.561,^TNX,0.573,AIR.NZ
2016-10-18,0.311,BZ=F,1.184,NZDUSD=X,-0.963,^TNX,2.564,AIR.NZ
2016-10-19,1.916,BZ=F,0.447,NZDUSD=X,0.172,^TNX,0.833,AIR.NZ
2016-10-20,-2.449,BZ=F,0.362,NZDUSD=X,-0.285,^TNX,-0.551,AIR.NZ
2016-10-21,0.779,BZ=F,-0.568,NZDUSD=X,-0.401,^TNX,1.939,AIR.NZ
2016-10-24,-0.618,BZ=F,-0.479,NZDUSD=X,1.322,^TNX,,
2016-10-25,-1.302,BZ=F,-0.371,NZDUSD=X,-0.284,^TNX,3.804,AIR.NZ
2016-10-26,-1.595,BZ=F,0.545,NZDUSD=X,1.82,^TNX,0.785,AIR.NZ
2016-10-27,0.98,BZ=F,-0.207,NZDUSD=X,2.961,^TNX,-0.26,AIR.NZ
2016-10-28,-1.506,BZ=F,-0.385,NZDUSD=X,0.109,^TNX,0.521,AIR.NZ
2016-10-31,-2.836,BZ=F,0.552,NZDUSD=X,-0.596,^TNX,0.0,AIR.NZ
2016-11-01,0.062,BZ=F,-0.107,NZDUSD=X,-0.763,^TNX,-0.518,AIR.NZ
2016-11-02,-3.042,BZ=F,0.685,NZDUSD=X,-1.154,^TNX,0.0,AIR.NZ
2016-11-03,-1.088,BZ=F,1.063,NZDUSD=X,0.723,^TNX,-1.042,AIR.NZ
2016-11-04,-1.661,BZ=F,0.667,NZDUSD=X,-1.6,^TNX,-1.579,AIR.NZ
2016-11-07,1.251,BZ=F,-0.161,NZDUSD=X,2.524,^TNX,2.941,AIR.NZ
2016-11-08,-0.238,BZ=F,0.25,NZDUSD=X,1.86,^TNX,0.26,AIR.NZ
2016-11-09,0.695,BZ=F,0.442,NZDUSD=X,11.278,^TNX,-2.073,AIR.NZ
2016-11-10,-1.122,BZ=F,-1.108,NZDUSD=X,2.172,^TNX,1.058,AIR.NZ
2016-11-14,-3.076,BZ=F,-1.5,NZDUSD=X,4.96,^TNX,0.517,AIR.NZ
2016-11-15,5.672,BZ=F,0.314,NZDUSD=X,0.72,^TNX,1.285,AIR.NZ
2016-11-16,-0.682,BZ=F,-0.518,NZDUSD=X,-0.67,^TNX,1.523,AIR.NZ
2016-11-17,-0.3,BZ=F,0.028,NZDUSD=X,2.384,^TNX,-1.0,AIR.NZ
2016-11-18,0.796,BZ=F,-1.074,NZDUSD=X,2.592,^TNX,0.0,AIR.NZ
2016-11-21,4.353,BZ=F,-0.329,NZDUSD=X,0.171,^TNX,1.515,AIR.NZ
2016-11-22,0.45,BZ=F,1.14,NZDUSD=X,-0.77,^TNX,0.0,AIR.NZ
2016-11-23,-0.346,BZ=F,-0.12,NZDUSD=X,1.551,^TNX,0.0,AIR.NZ
2016-11-25,-3.493,BZ=F,0.161,NZDUSD=X,0.636,^TNX,1.75,AIR.NZ
2016-11-28,2.117,BZ=F,0.578,NZDUSD=X,-2.192,^TNX,1.966,AIR.NZ
2016-11-29,-3.856,BZ=F,0.503,NZDUSD=X,-0.776,^TNX,1.205,AIR.NZ
2016-11-30,8.818,BZ=F,0.699,NZDUSD=X,2.867,^TNX,2.857,AIR.NZ
2016-12-01,-0.02,BZ=F,-0.8,NZDUSD=X,3.083,^TNX,0.463,AIR.NZ
2016-12-02,7.927,BZ=F,0.291,NZDUSD=X,-2.089,^TNX,-1.382,AIR.NZ
2016-12-05,0.881,BZ=F,0.064,NZDUSD=X,-0.126,^TNX,0.467,AIR.NZ
2016-12-06,-1.838,BZ=F,0.571,NZDUSD=X,0.377,^TNX,0.233,AIR.NZ
2016-12-07,-1.724,BZ=F,-0.228,NZDUSD=X,-2.045,^TNX,-0.696,AIR.NZ
2016-12-08,1.679,BZ=F,0.776,NZDUSD=X,1.704,^TNX,1.635,AIR.NZ
2016-12-09,0.816,BZ=F,-0.029,NZDUSD=X,3.226,^TNX,-0.69,AIR.NZ
2016-12-12,2.503,BZ=F,-0.713,NZDUSD=X,0.609,^TNX,-1.852,AIR.NZ
2016-12-13,0.054,BZ=F,0.994,NZDUSD=X,0.081,^TNX,0.236,AIR.NZ
2016-12-14,-3.266,BZ=F,0.058,NZDUSD=X,1.773,^TNX,1.176,AIR.NZ
2016-12-15,0.223,BZ=F,-1.196,NZDUSD=X,2.178,^TNX,-0.698,AIR.NZ
2016-12-16,2.203,BZ=F,-0.966,NZDUSD=X,0.659,^TNX,-0.703,AIR.NZ
2016-12-19,-0.525,BZ=F,-1.212,NZDUSD=X,-2.118,^TNX,0.472,AIR.NZ
2016-12-20,0.783,BZ=F,-0.499,NZDUSD=X,1.023,^TNX,0.0,AIR.NZ
2016-12-21,-1.608,BZ=F,0.014,NZDUSD=X,-0.857,^TNX,0.704,AIR.NZ
2016-12-22,1.083,BZ=F,-0.373,NZDUSD=X,0.275,^TNX,-2.098,AIR.NZ
2016-12-23,0.2,BZ=F,0.028,NZDUSD=X,-0.392,^TNX,0.476,AIR.NZ
2016-12-27,1.686,BZ=F,-0.034,NZDUSD=X,0.786,^TNX,0.0,AIR.NZ
2016-12-28,0.232,BZ=F,0.2,NZDUSD=X,-2.224,^TNX,0.474,AIR.NZ
2016-12-29,-0.142,BZ=F,0.436,NZDUSD=X,-1.157,^TNX,2.358,AIR.NZ
2016-12-30,-0.018,BZ=F,0.648,NZDUSD=X,-1.252,^TNX,1.152,AIR.NZ
2017-01-03,-1.176,BZ=F,-0.035,NZDUSD=X,0.164,^TNX,,
2017-01-04,1.785,BZ=F,-0.118,NZDUSD=X,0.082,^TNX,0.228,AIR.NZ
2017-01-05,0.762,BZ=F,0.571,NZDUSD=X,-3.426,^TNX,1.818,AIR.NZ
2017-01-06,0.369,BZ=F,0.836,NZDUSD=X,2.111,^TNX,0.446,AIR.NZ
2017-01-09,-3.783,BZ=F,-0.766,NZDUSD=X,-1.737,^TNX,0.0,AIR.NZ
2017-01-10,-2.366,BZ=F,0.723,NZDUSD=X,0.126,^TNX,-0.667,AIR.NZ
2017-01-11,2.722,BZ=F,-0.482,NZDUSD=X,-0.378,^TNX,0.224,AIR.NZ
2017-01-12,1.652,BZ=F,1.187,NZDUSD=X,-0.38,^TNX,1.339,AIR.NZ
2017-01-13,-1.0,BZ=F,0.633,NZDUSD=X,0.805,^TNX,-1.101,AIR.NZ
2017-01-17,0.036,BZ=F,-0.433,NZDUSD=X,-2.227,^TNX,-1.563,AIR.NZ
2017-01-18,-2.794,BZ=F,1.438,NZDUSD=X,2.664,^TNX,1.587,AIR.NZ
2017-01-19,0.445,BZ=F,-1.036,NZDUSD=X,2.93,^TNX,-2.679,AIR.NZ
2017-01-20,2.456,BZ=F,0.915,NZDUSD=X,0.325,^TNX,-0.688,AIR.NZ
2017-01-23,-0.469,BZ=F,-0.052,NZDUSD=X,-2.594,^TNX,0.693,AIR.NZ
2017-01-24,0.38,BZ=F,0.645,NZDUSD=X,2.83,^TNX,0.459,AIR.NZ
2017-01-25,-0.649,BZ=F,0.287,NZDUSD=X,2.104,^TNX,0.457,AIR.NZ
2017-01-26,2.106,BZ=F,0.605,NZDUSD=X,-0.595,^TNX,-3.636,AIR.NZ
2017-01-27,-1.28,BZ=F,-0.764,NZDUSD=X,-1.077,^TNX,0.708,AIR.NZ
2017-01-30,-0.522,BZ=F,0.382,NZDUSD=X,0.081,^TNX,1.171,AIR.NZ
2017-01-31,0.851,BZ=F,0.31,NZDUSD=X,-1.289,^TNX,-2.778,AIR.NZ
2017-02-01,-0.072,BZ=F,-0.012,NZDUSD=X,0.938,^TNX,0.476,AIR.NZ
2017-02-02,1.617,BZ=F,-0.548,NZDUSD=X,-0.162,^TNX,0.237,AIR.NZ
2017-02-03,0.442,BZ=F,0.431,NZDUSD=X,0.85,^TNX,0.709,AIR.NZ
2017-02-06,-1.919,BZ=F,0.399,NZDUSD=X,-3.131,^TNX,,
2017-02-07,-1.202,BZ=F,0.037,NZDUSD=X,-0.995,^TNX,-0.939,AIR.NZ
2017-02-08,0.127,BZ=F,-0.265,NZDUSD=X,-1.591,^TNX,-0.948,AIR.NZ
2017-02-09,0.925,BZ=F,-0.856,NZDUSD=X,1.872,^TNX,0.479,AIR.NZ
2017-02-10,1.923,BZ=F,-0.555,NZDUSD=X,0.585,^TNX,-0.238,AIR.NZ
2017-02-13,-1.958,BZ=F,-0.016,NZDUSD=X,1.038,^TNX,-0.477,AIR.NZ
2017-02-14,0.684,BZ=F,-0.191,NZDUSD=X,1.479,^TNX,0.24,AIR.NZ
2017-02-15,-0.393,BZ=F,-0.106,NZDUSD=X,1.296,^TNX,0.239,AIR.NZ
2017-02-16,-0.179,BZ=F,0.695,NZDUSD=X,-2.078,^TNX,1.909,AIR.NZ
2017-02-17,0.288,BZ=F,-0.1,NZDUSD=X,-1.02,^TNX,1.171,AIR.NZ
2017-02-21,1.523,BZ=F,-0.08,NZDUSD=X,0.082,^TNX,1.174,AIR.NZ
2017-02-22,-1.447,BZ=F,-0.164,NZDUSD=X,-0.371,^TNX,-0.232,AIR.NZ
2017-02-23,1.325,BZ=F,0.243,NZDUSD=X,-1.241,^TNX,4.651,AIR.NZ
2017-02-24,-1.043,BZ=F,0.677,NZDUSD=X,-2.973,^TNX,1.333,AIR.NZ
2017-02-27,-0.107,BZ=F,-0.529,NZDUSD=X,2.244,^TNX,0.877,AIR.NZ
2017-02-28,-0.608,BZ=F,-0.096,NZDUSD=X,-0.464,^TNX,2.826,AIR.NZ
2017-03-01,0.018,BZ=F,-0.182,NZDUSD=X,4.453,^TNX,2.96,AIR.NZ
2017-03-02,-0.935,BZ=F,-0.802,NZDUSD=X,1.056,^TNX,-1.437,AIR.NZ
2017-03-03,1.489,BZ=F,-0.735,NZDUSD=X,0.121,^TNX,0.833,AIR.NZ
2017-03-06,0.197,BZ=F,-0.351,NZDUSD=X,0.08,^TNX,0.413,AIR.NZ
2017-03-07,-0.161,BZ=F,-0.618,NZDUSD=X,0.682,^TNX,-0.206,AIR.NZ
2017-03-08,-5.025,BZ=F,-0.43,NZDUSD=X,1.633,^TNX,-0.412,AIR.NZ
2017-03-09,-1.732,BZ=F,-0.678,NZDUSD=X,1.803,^TNX,2.808,AIR.NZ
2017-03-10,-1.571,BZ=F,-0.292,NZDUSD=X,-0.616,^TNX,-0.84,AIR.NZ
2017-03-13,-0.039,BZ=F,0.391,NZDUSD=X,1.007,^TNX,-1.271,AIR.NZ
2017-03-14,-0.837,BZ=F,-0.079,NZDUSD=X,-0.498,^TNX,-2.146,AIR.NZ
2017-03-15,1.748,BZ=F,0.163,NZDUSD=X,-3.353,^TNX,0.0,AIR.NZ
2017-03-16,-0.135,BZ=F,1.415,NZDUSD=X,0.558,^TNX,0.877,AIR.NZ
2017-03-17,0.039,BZ=F,-0.629,NZDUSD=X,-0.833,^TNX,-0.217,AIR.NZ
2017-03-20,-0.27,BZ=F,0.65,NZDUSD=X,-1.12,^TNX,-0.218,AIR.NZ
2017-03-21,-1.279,BZ=F,0.293,NZDUSD=X,-1.496,^TNX,-0.655,AIR.NZ
2017-03-22,-0.628,BZ=F,-0.111,NZDUSD=X,-1.642,^TNX,1.099,AIR.NZ
2017-03-23,-0.158,BZ=F,-0.014,NZDUSD=X,0.918,^TNX,0.0,AIR.NZ
2017-03-24,0.475,BZ=F,-0.158,NZDUSD=X,-0.744,^TNX,0.0,AIR.NZ
2017-03-27,-0.098,BZ=F,0.232,NZDUSD=X,-1.125,^TNX,-0.217,AIR.NZ
2017-03-28,1.143,BZ=F,0.033,NZDUSD=X,1.517,^TNX,3.05,AIR.NZ
2017-03-29,2.124,BZ=F,-0.563,NZDUSD=X,-0.955,^TNX,3.805,AIR.NZ
2017-03-30,1.03,BZ=F,0.365,NZDUSD=X,1.257,^TNX,1.629,AIR.NZ
2017-03-31,-0.245,BZ=F,-0.429,NZDUSD=X,-0.828,^TNX,-1.403,AIR.NZ
2017-04-03,0.549,BZ=F,0.019,NZDUSD=X,-1.92,^TNX,-1.626,AIR.NZ
2017-04-04,1.977,BZ=F,0.18,NZDUSD=X,0.0,^TNX,0.413,AIR.NZ
2017-04-05,0.351,BZ=F,-0.585,NZDUSD=X,0.298,^TNX,2.058,AIR.NZ
2017-04-06,0.975,BZ=F,0.011,NZDUSD=X,-0.594,^TNX,-1.613,AIR.NZ
2017-04-07,0.638,BZ=F,-0.049,NZDUSD=X,1.28,^TNX,-0.41,AIR.NZ
2017-04-10,1.34,BZ=F,-0.46,NZDUSD=X,-0.506,^TNX,1.235,AIR.NZ
2017-04-11,0.447,BZ=F,0.329,NZDUSD=X,-2.668,^TNX,0.61,AIR.NZ
2017-04-12,-0.658,BZ=F,-0.081,NZDUSD=X,-0.087,^TNX,-0.606,AIR.NZ
2017-04-13,0.054,BZ=F,0.499,NZDUSD=X,-2.787,^TNX,0.407,AIR.NZ
2017-04-17,-0.948,BZ=F,0.271,NZDUSD=X,0.896,^TNX,,
2017-04-18,-0.849,BZ=F,-0.036,NZDUSD=X,-3.242,^TNX,0.0,AIR.NZ
2017-04-19,-3.571,BZ=F,0.481,NZDUSD=X,1.056,^TNX,1.012,AIR.NZ
2017-04-20,0.113,BZ=F,-0.1,NZDUSD=X,1.771,^TNX,-2.204,AIR.NZ
2017-04-21,-1.944,BZ=F,-0.693,NZDUSD=X,-0.178,^TNX,2.049,AIR.NZ
2017-04-24,-0.693,BZ=F,0.744,NZDUSD=X,1.609,^TNX,0.0,AIR.NZ
2017-04-25,0.969,BZ=F,-0.407,NZDUSD=X,2.376,^TNX,,
2017-04-26,-0.537,BZ=F,-0.897,NZDUSD=X,-0.688,^TNX,-0.201,AIR.NZ
2017-04-27,-0.733,BZ=F,-0.691,NZDUSD=X,-0.649,^TNX,1.006,AIR.NZ
2017-04-28,0.564,BZ=F,-0.277,NZDUSD=X,-0.61,^TNX,1.594,AIR.NZ
2017-05-01,-0.406,BZ=F,-0.14,NZDUSD=X,1.884,^TNX,2.353,AIR.NZ
2017-05-02,-2.057,BZ=F,0.709,NZDUSD=X,-1.247,^TNX,3.257,AIR.NZ
2017-05-03,0.654,BZ=F,0.577,NZDUSD=X,0.566,^TNX,-3.525,AIR.NZ
2017-05-04,-4.745,BZ=F,-1.092,NZDUSD=X,2.036,^TNX,0.0,AIR.NZ
2017-05-05,1.488,BZ=F,-0.158,NZDUSD=X,-0.17,^TNX,2.692,AIR.NZ
2017-05-08,0.489,BZ=F,0.366,NZDUSD=X,1.02,^TNX,2.622,AIR.NZ
2017-05-09,-1.236,BZ=F,0.29,NZDUSD=X,1.305,^TNX,-0.365,AIR.NZ
2017-05-10,3.058,BZ=F,-0.331,NZDUSD=X,0.291,^TNX,0.549,AIR.NZ
2017-05-11,1.095,BZ=F,-0.933,NZDUSD=X,-0.58,^TNX,0.546,AIR.NZ
2017-05-12,0.138,BZ=F,0.151,NZDUSD=X,-2.708,^TNX,1.449,AIR.NZ
2017-05-15,1.928,BZ=F,0.329,NZDUSD=X,0.128,^TNX,-1.786,AIR.NZ
2017-05-16,-0.328,BZ=F,0.348,NZDUSD=X,-0.385,^TNX,1.818,AIR.NZ
2017-05-17,1.084,BZ=F,0.002,NZDUSD=X,-4.852,^TNX,0.714,AIR.NZ
2017-05-18,0.575,BZ=F,0.715,NZDUSD=X,0.767,^TNX,-0.709,AIR.NZ
2017-05-19,2.095,BZ=F,-0.636,NZDUSD=X,0.537,^TNX,2.5,AIR.NZ
2017-05-22,0.485,BZ=F,0.561,NZDUSD=X,0.401,^TNX,0.0,AIR.NZ
2017-05-23,0.52,BZ=F,1.016,NZDUSD=X,1.375,^TNX,-0.348,AIR.NZ
2017-05-24,-0.351,BZ=F,0.062,NZDUSD=X,-0.832,^TNX,0.35,AIR.NZ
2017-05-25,-4.633,BZ=F,0.531,NZDUSD=X,-0.485,^TNX,0.0,AIR.NZ
2017-05-26,1.341,BZ=F,-0.394,NZDUSD=X,-0.222,^TNX,0.0,AIR.NZ
2017-05-30,-0.594,BZ=F,0.0,NZDUSD=X,-1.467,^TNX,-0.174,AIR.NZ
2017-05-31,-2.951,BZ=F,0.494,NZDUSD=X,-0.947,^TNX,0.0,AIR.NZ
2017-06-01,0.04,BZ=F,-0.043,NZDUSD=X,0.956,^TNX,5.226,AIR.NZ
2017-06-02,-0.755,BZ=F,-0.302,NZDUSD=X,-2.616,^TNX,-3.974,AIR.NZ
2017-06-05,-0.961,BZ=F,1.065,NZDUSD=X,1.065,^TNX,,
2017-06-06,1.314,BZ=F,-0.093,NZDUSD=X,-1.604,^TNX,2.414,AIR.NZ
2017-06-07,-4.11,BZ=F,0.702,NZDUSD=X,1.444,^TNX,1.01,AIR.NZ
2017-06-08,-0.416,BZ=F,0.127,NZDUSD=X,0.735,^TNX,0.0,AIR.NZ
2017-06-09,0.606,BZ=F,0.125,NZDUSD=X,0.228,^TNX,0.0,AIR.NZ
2017-06-12,0.291,BZ=F,0.133,NZDUSD=X,0.637,^TNX,-1.167,AIR.NZ
2017-06-13,0.89,BZ=F,-0.03,NZDUSD=X,-0.271,^TNX,3.541,AIR.NZ
2017-06-14,-3.53,BZ=F,0.006,NZDUSD=X,-3.126,^TNX,4.072,AIR.NZ
2017-06-15,-0.17,BZ=F,0.543,NZDUSD=X,1.123,^TNX,-0.313,AIR.NZ
2017-06-16,0.959,BZ=F,-0.582,NZDUSD=X,-0.231,^TNX,0.157,AIR.NZ
2017-06-19,-0.971,BZ=F,0.845,NZDUSD=X,1.53,^TNX,0.0,AIR.NZ
2017-06-20,-1.897,BZ=F,-0.528,NZDUSD=X,-1.689,^TNX,1.881,AIR.NZ
2017-06-21,-2.608,BZ=F,0.182,NZDUSD=X,0.093,^TNX,-2.462,AIR.NZ
2017-06-22,0.892,BZ=F,0.131,NZDUSD=X,-0.093,^TNX,0.158,AIR.NZ
2017-06-23,0.708,BZ=F,0.182,NZDUSD=X,-0.418,^TNX,1.417,AIR.NZ
2017-06-26,0.637,BZ=F,0.306,NZDUSD=X,-0.326,^TNX,1.553,AIR.NZ
2017-06-27,1.789,BZ=F,0.004,NZDUSD=X,2.854,^TNX,0.245,AIR.NZ
2017-06-28,1.415,BZ=F,-0.241,NZDUSD=X,1.046,^TNX,0.366,AIR.NZ
2017-06-29,0.233,BZ=F,0.524,NZDUSD=X,2.071,^TNX,0.304,AIR.NZ
2017-06-30,1.054,BZ=F,0.064,NZDUSD=X,1.544,^TNX,-0.576,AIR.NZ
2017-07-03,3.673,BZ=F,0.372,NZDUSD=X,1.911,^TNX,0.579,AIR.NZ
2017-07-05,-3.804,BZ=F,0.044,NZDUSD=X,-0.512,^TNX,0.444,AIR.NZ
2017-07-06,0.67,BZ=F,-0.105,NZDUSD=X,1.542,^TNX,0.442,AIR.NZ
2017-07-07,-2.91,BZ=F,0.001,NZDUSD=X,0.97,^TNX,0.0,AIR.NZ
2017-07-10,0.364,BZ=F,-0.104,NZDUSD=X,-0.919,^TNX,2.199,AIR.NZ
2017-07-11,1.365,BZ=F,,,-0.38,^TNX,2.439,AIR.NZ
2017-07-12,0.463,BZ=F,-0.741,NZDUSD=X,-1.482,^TNX,-2.241,AIR.NZ
2017-07-13,1.424,BZ=F,0.463,NZDUSD=X,0.902,^TNX,0.716,AIR.NZ
2017-07-14,1.012,BZ=F,0.937,NZDUSD=X,-1.235,^TNX,0.996,AIR.NZ
2017-07-17,-1.002,BZ=F,0.466,NZDUSD=X,-0.431,^TNX,-0.563,AIR.NZ
2017-07-18,0.867,BZ=F,-1.067,NZDUSD=X,-1.992,^TNX,-0.567,AIR.NZ
2017-07-19,1.761,BZ=F,0.995,NZDUSD=X,0.221,^TNX,-0.94,AIR.NZ
2017-07-20,-0.805,BZ=F,0.163,NZDUSD=X,-0.088,^TNX,-1.927,AIR.NZ
2017-07-21,-2.515,BZ=F,0.531,NZDUSD=X,-1.5,^TNX,0.0,AIR.NZ
2017-07-24,1.124,BZ=F,0.667,NZDUSD=X,0.986,^TNX,-0.587,AIR.NZ
2017-07-25,3.292,BZ=F,-0.174,NZDUSD=X,3.194,^TNX,-3.245,AIR.NZ
2017-07-26,1.534,BZ=F,-0.24,NZDUSD=X,-1.892,^TNX,1.067,AIR.NZ
2017-07-27,1.02,BZ=F,1.398,NZDUSD=X,1.227,^TNX,0.965,AIR.NZ
2017-07-28,2.0,BZ=F,-0.287,NZDUSD=X,-0.909,^TNX,-1.404,AIR.NZ
2017-07-31,0.248,BZ=F,0.213,NZDUSD=X,0.131,^TNX,1.515,AIR.NZ
2017-08-01,-0.038,BZ=F,-0.167,NZDUSD=X,-1.789,^TNX,0.299,AIR.NZ
2017-08-02,-0.513,BZ=F,-1.081,NZDUSD=X,0.489,^TNX,0.893,AIR.NZ
2017-08-03,-0.668,BZ=F,-0.219,NZDUSD=X,-1.503,^TNX,-0.147,AIR.NZ
2017-08-04,0.788,BZ=F,0.5,NZDUSD=X,1.75,^TNX,-1.034,AIR.NZ
2017-08-07,-0.095,BZ=F,-0.51,NZDUSD=X,-0.441,^TNX,0.537,AIR.NZ
2017-08-08,-0.439,BZ=F,-0.67,NZDUSD=X,1.152,^TNX,-0.208,AIR.NZ
2017-08-09,1.074,BZ=F,-0.469,NZDUSD=X,-1.84,^TNX,-0.922,AIR.NZ
2017-08-10,-1.518,BZ=F,0.411,NZDUSD=X,-1.294,^TNX,-1.381,AIR.NZ
2017-08-11,0.385,BZ=F,-1.104,NZDUSD=X,-1.04,^TNX,-3.38,AIR.NZ
2017-08-14,-2.63,BZ=F,0.586,NZDUSD=X,1.37,^TNX,2.112,AIR.NZ
2017-08-15,0.138,BZ=F,-0.275,NZDUSD=X,2.118,^TNX,0.895,AIR.NZ
2017-08-16,-1.043,BZ=F,-0.866,NZDUSD=X,-1.765,^TNX,0.336,AIR.NZ
2017-08-17,1.512,BZ=F,1.152,NZDUSD=X,-1.213,^TNX,0.884,AIR.NZ
2017-08-18,3.312,BZ=F,-0.463,NZDUSD=X,-0.227,^TNX,2.055,AIR.NZ
2017-08-21,-2.011,BZ=F,0.387,NZDUSD=X,-0.638,^TNX,1.569,AIR.NZ
2017-08-22,0.407,BZ=F,0.224,NZDUSD=X,1.605,^TNX,0.146,AIR.NZ
2017-08-23,1.35,BZ=F,-0.626,NZDUSD=X,-1.986,^TNX,-0.728,AIR.NZ
2017-08-24,-1.008,BZ=F,-0.633,NZDUSD=X,1.059,^TNX,3.666,AIR.NZ
2017-08-25,0.711,BZ=F,-0.388,NZDUSD=X,-1.139,^TNX,1.132,AIR.NZ
2017-08-28,-0.992,BZ=F,0.611,NZDUSD=X,-0.461,^TNX,0.0,AIR.NZ
2017-08-29,0.212,BZ=F,-0.094,NZDUSD=X,-1.065,^TNX,-1.259,AIR.NZ
2017-08-30,-2.192,BZ=F,0.2,NZDUSD=X,0.328,^TNX,0.793,AIR.NZ
2017-08-31,2.989,BZ=F,-0.758,NZDUSD=X,-1.027,^TNX,0.337,AIR.NZ
2017-09-01,-0.115,BZ=F,-0.344,NZDUSD=X,1.697,^TNX,0.56,AIR.NZ
2017-09-05,2.026,BZ=F,-0.087,NZDUSD=X,-4.033,^TNX,0.139,AIR.NZ
2017-09-06,1.536,BZ=F,1.362,NZDUSD=X,1.836,^TNX,-0.583,AIR.NZ
2017-09-07,0.535,BZ=F,-0.767,NZDUSD=X,-2.23,^TNX,1.182,AIR.NZ
2017-09-08,-1.303,BZ=F,0.626,NZDUSD=X,0.0,^TNX,-0.712,AIR.NZ
2017-09-11,0.112,BZ=F,-0.099,NZDUSD=X,3.105,^TNX,1.004,AIR.NZ
2017-09-12,0.799,BZ=F,0.18,NZDUSD=X,2.165,^TNX,-0.71,AIR.NZ
2017-09-13,1.64,BZ=F,0.4,NZDUSD=X,1.105,^TNX,-2.146,AIR.NZ
2017-09-14,0.562,BZ=F,-0.463,NZDUSD=X,0.091,^TNX,-2.632,AIR.NZ
2017-09-15,0.27,BZ=F,-0.275,NZDUSD=X,0.228,^TNX,-2.553,AIR.NZ
2017-09-18,-0.252,BZ=F,0.826,NZDUSD=X,1.226,^TNX,-0.924,AIR.NZ
2017-09-19,-0.613,BZ=F,-0.326,NZDUSD=X,0.628,^TNX,-0.467,AIR.NZ
2017-09-20,2.086,BZ=F,0.674,NZDUSD=X,1.516,^TNX,1.25,AIR.NZ
2017-09-21,0.249,BZ=F,0.261,NZDUSD=X,0.044,^TNX,-0.247,AIR.NZ
2017-09-22,0.762,BZ=F,-0.458,NZDUSD=X,-0.702,^TNX,1.485,AIR.NZ
2017-09-25,3.799,BZ=F,-0.126,NZDUSD=X,-1.857,^TNX,-0.305,AIR.NZ
2017-09-26,-0.983,BZ=F,-0.244,NZDUSD=X,0.405,^TNX,0.0,AIR.NZ
2017-09-27,-0.924,BZ=F,-0.955,NZDUSD=X,3.589,^TNX,-1.07,AIR.NZ
2017-09-28,-0.846,BZ=F,0.178,NZDUSD=X,0.0,^TNX,3.246,AIR.NZ
2017-09-29,0.226,BZ=F,0.089,NZDUSD=X,0.736,^TNX,0.898,AIR.NZ
2017-10-02,-2.468,BZ=F,-0.049,NZDUSD=X,0.473,^TNX,-0.297,AIR.NZ
2017-10-03,-0.214,BZ=F,-0.374,NZDUSD=X,-0.128,^TNX,0.893,AIR.NZ
2017-10-04,-0.357,BZ=F,-0.403,NZDUSD=X,-0.171,^TNX,0.295,AIR.NZ
2017-10-05,2.151,BZ=F,-0.085,NZDUSD=X,0.858,^TNX,-0.794,AIR.NZ
2017-10-06,-2.421,BZ=F,-0.61,NZDUSD=X,0.851,^TNX,1.838,AIR.NZ
2017-10-09,0.306,BZ=F,-0.596,NZDUSD=X,-0.38,^TNX,1.892,AIR.NZ
2017-10-10,1.47,BZ=F,-0.072,NZDUSD=X,-0.678,^TNX,0.0,AIR.NZ
2017-10-11,0.583,BZ=F,0.109,NZDUSD=X,0.0,^TNX,-0.571,AIR.NZ
2017-10-12,-1.212,BZ=F,0.349,NZDUSD=X,-0.938,^TNX,0.144,AIR.NZ
2017-10-13,1.636,BZ=F,0.443,NZDUSD=X,-1.851,^TNX,-0.144,AIR.NZ
2017-10-16,1.137,BZ=F,0.663,NZDUSD=X,1.184,^TNX,-1.293,AIR.NZ
2017-10-17,0.104,BZ=F,0.11,NZDUSD=X,-0.39,^TNX,0.146,AIR.NZ
2017-10-18,0.466,BZ=F,-0.118,NZDUSD=X,1.784,^TNX,-0.291,AIR.NZ
2017-10-19,-1.582,BZ=F,-0.303,NZDUSD=X,-0.77,^TNX,0.146,AIR.NZ
2017-10-20,0.909,BZ=F,-1.737,NZDUSD=X,2.585,^TNX,-1.019,AIR.NZ
2017-10-23,-0.658,BZ=F,-1.257,NZDUSD=X,-0.21,^TNX,,
2017-10-24,1.673,BZ=F,0.591,NZDUSD=X,1.263,^TNX,-0.147,AIR.NZ
2017-10-25,0.189,BZ=F,-1.138,NZDUSD=X,1.579,^TNX,-1.178,AIR.NZ
2017-10-26,1.472,BZ=F,-0.146,NZDUSD=X,0.327,^TNX,1.043,AIR.NZ
2017-10-27,1.922,BZ=F,-0.812,NZDUSD=X,-0.979,^TNX,-0.147,AIR.NZ
2017-10-30,0.761,BZ=F,0.348,NZDUSD=X,-2.389,^TNX,-1.034,AIR.NZ
2017-10-31,0.772,BZ=F,0.306,NZDUSD=X,0.253,^TNX,-1.493,AIR.NZ
2017-11-01,-0.13,BZ=F,0.327,NZDUSD=X,0.0,^TNX,-2.576,AIR.NZ
2017-11-02,-1.093,BZ=F,-0.182,NZDUSD=X,-1.221,^TNX,1.4,AIR.NZ
2017-11-03,2.392,BZ=F,0.3,NZDUSD=X,-0.17,^TNX,2.147,AIR.NZ
2017-11-06,3.544,BZ=F,-0.052,NZDUSD=X,-0.982,^TNX,-0.3,AIR.NZ
2017-11-07,-0.902,BZ=F,0.462,NZDUSD=X,-0.56,^TNX,1.506,AIR.NZ
2017-11-08,-0.314,BZ=F,-0.442,NZDUSD=X,0.78,^TNX,-0.593,AIR.NZ
2017-11-09,0.693,BZ=F,0.652,NZDUSD=X,0.258,^TNX,-0.895,AIR.NZ
2017-11-10,-0.641,BZ=F,-0.16,NZDUSD=X,2.96,^TNX,-4.217,AIR.NZ
2017-11-13,-0.567,BZ=F,-0.276,NZDUSD=X,0.0,^TNX,0.0,AIR.NZ
2017-11-14,-1.504,BZ=F,-0.391,NZDUSD=X,-0.792,^TNX,0.0,AIR.NZ
2017-11-15,-0.547,BZ=F,-0.283,NZDUSD=X,-1.932,^TNX,0.0,AIR.NZ
2017-11-16,-0.824,BZ=F,,,1.113,^TNX,0.0,AIR.NZ
2017-11-17,2.216,BZ=F,-0.339,NZDUSD=X,-0.296,^TNX,-2.044,AIR.NZ
2017-11-20,-0.797,BZ=F,-0.795,NZDUSD=X,0.765,^TNX,1.766,AIR.NZ
2017-11-21,0.563,BZ=F,0.161,NZDUSD=X,-0.379,^TNX,-1.735,AIR.NZ
2017-11-22,1.199,BZ=F,0.508,NZDUSD=X,-1.735,^TNX,2.087,AIR.NZ
2017-11-24,0.853,BZ=F,0.225,NZDUSD=X,0.775,^TNX,-0.157,AIR.NZ
2017-11-27,-0.031,BZ=F,-0.254,NZDUSD=X,-0.513,^TNX,-1.567,AIR.NZ
2017-11-28,-0.36,BZ=F,0.696,NZDUSD=X,0.43,^TNX,-0.318,AIR.NZ
2017-11-29,-0.786,BZ=F,-0.276,NZDUSD=X,1.625,^TNX,0.639,AIR.NZ
2017-11-30,0.729,BZ=F,-0.237,NZDUSD=X,1.726,^TNX,1.587,AIR.NZ
2017-12-01,-0.126,BZ=F,-0.769,NZDUSD=X,-2.276,^TNX,-1.25,AIR.NZ
2017-12-04,-1.638,BZ=F,0.343,NZDUSD=X,0.72,^TNX,0.791,AIR.NZ
2017-12-05,0.657,BZ=F,0.185,NZDUSD=X,-0.967,^TNX,0.471,AIR.NZ
2017-12-06,-2.609,BZ=F,0.104,NZDUSD=X,-1.104,^TNX,-1.25,AIR.NZ
2017-12-07,1.601,BZ=F,0.158,NZDUSD=X,1.974,^TNX,2.057,AIR.NZ
2017-12-08,1.929,BZ=F,-0.854,NZDUSD=X,0.295,^TNX,0.465,AIR.NZ
2017-12-11,2.035,BZ=F,0.224,NZDUSD=X,0.084,^TNX,2.16,AIR.NZ
2017-12-12,-2.087,BZ=F,0.98,NZDUSD=X,0.755,^TNX,0.302,AIR.NZ
2017-12-13,-1.421,BZ=F,0.415,NZDUSD=X,-2.247,^TNX,-3.464,AIR.NZ
2017-12-14,1.393,BZ=F,1.24,NZDUSD=X,-0.128,^TNX,2.028,AIR.NZ
2017-12-15,-0.126,BZ=F,-0.494,NZDUSD=X,0.384,^TNX,0.917,AIR.NZ
2017-12-18,0.285,BZ=F,0.127,NZDUSD=X,1.571,^TNX,-3.788,AIR.NZ
2017-12-19,0.615,BZ=F,-0.052,NZDUSD=X,2.968,^TNX,0.0,AIR.NZ
2017-12-20,1.191,BZ=F,-0.342,NZDUSD=X,1.38,^TNX,0.157,AIR.NZ
2017-12-21,0.527,BZ=F,0.651,NZDUSD=X,-0.641,^TNX,-0.472,AIR.NZ
2017-12-22,0.539,BZ=F,-0.029,NZDUSD=X,0.161,^TNX,0.632,AIR.NZ
2017-12-26,2.713,BZ=F,0.184,NZDUSD=X,-0.724,^TNX,,
2017-12-27,-0.865,BZ=F,0.064,NZDUSD=X,-2.148,^TNX,-0.157,AIR.NZ
2017-12-28,0.421,BZ=F,0.529,NZDUSD=X,0.746,^TNX,0.0,AIR.NZ
2017-12-29,-0.18,BZ=F,0.336,NZDUSD=X,-1.11,^TNX,0.314,AIR.NZ
2018-01-02,-0.045,BZ=F,-0.361,NZDUSD=X,2.495,^TNX,,
2018-01-03,1.908,BZ=F,0.17,NZDUSD=X,-0.73,^TNX,0.627,AIR.NZ
2018-01-04,0.339,BZ=F,-0.141,NZDUSD=X,0.245,^TNX,-1.558,AIR.NZ
2018-01-05,-0.661,BZ=F,0.928,NZDUSD=X,0.938,^TNX,-0.317,AIR.NZ
2018-01-08,0.237,BZ=F,0.201,NZDUSD=X,0.162,^TNX,0.0,AIR.NZ
2018-01-09,1.534,BZ=F,0.07,NZDUSD=X,2.661,^TNX,-1.587,AIR.NZ
2018-01-10,0.552,BZ=F,-0.431,NZDUSD=X,0.157,^TNX,-2.581,AIR.NZ
2018-01-11,0.087,BZ=F,0.868,NZDUSD=X,-0.745,^TNX,-0.662,AIR.NZ
2018-01-12,0.881,BZ=F,0.754,NZDUSD=X,0.83,^TNX,-0.167,AIR.NZ
2018-01-16,-1.03,BZ=F,0.657,NZDUSD=X,-0.313,^TNX,-0.825,AIR.NZ
2018-01-17,0.333,BZ=F,-0.379,NZDUSD=X,1.336,^TNX,-2.163,AIR.NZ
2018-01-18,-0.101,BZ=F,0.055,NZDUSD=X,1.28,^TNX,-1.701,AIR.NZ
2018-01-19,-1.01,BZ=F,0.325,NZDUSD=X,0.996,^TNX,0.173,AIR.NZ
2018-01-22,0.612,BZ=F,-0.112,NZDUSD=X,1.062,^TNX,0.518,AIR.NZ
2018-01-23,1.347,BZ=F,0.422,NZDUSD=X,-1.538,^TNX,2.749,AIR.NZ
2018-01-24,0.815,BZ=F,0.599,NZDUSD=X,1.143,^TNX,0.0,AIR.NZ
2018-01-25,-0.156,BZ=F,-0.349,NZDUSD=X,-1.243,^TNX,0.0,AIR.NZ
2018-01-26,0.142,BZ=F,-0.36,NZDUSD=X,1.564,^TNX,-2.676,AIR.NZ
2018-01-29,-1.503,BZ=F,0.71,NZDUSD=X,1.39,^TNX,1.203,AIR.NZ
2018-01-30,-0.633,BZ=F,-0.511,NZDUSD=X,1.0,^TNX,0.849,AIR.NZ
2018-01-31,0.043,BZ=F,0.202,NZDUSD=X,-0.22,^TNX,3.704,AIR.NZ
2018-02-01,0.043,BZ=F,0.49,NZDUSD=X,1.949,^TNX,-0.974,AIR.NZ
2018-02-02,-0.724,BZ=F,0.299,NZDUSD=X,2.921,^TNX,2.623,AIR.NZ
2018-02-05,-1.4,BZ=F,-1.564,NZDUSD=X,-2.102,^TNX,-2.556,AIR.NZ
2018-02-06,-1.124,BZ=F,-0.21,NZDUSD=X,-0.931,^TNX,,
2018-02-07,-2.019,BZ=F,0.89,NZDUSD=X,2.746,^TNX,-0.164,AIR.NZ
2018-02-08,-1.069,BZ=F,-1.419,NZDUSD=X,0.246,^TNX,-0.328,AIR.NZ
2018-02-09,-3.117,BZ=F,-0.02,NZDUSD=X,-0.772,^TNX,-1.647,AIR.NZ
2018-02-12,-0.319,BZ=F,0.285,NZDUSD=X,0.99,^TNX,-1.005,AIR.NZ
2018-02-13,0.208,BZ=F,0.225,NZDUSD=X,-0.595,^TNX,0.508,AIR.NZ
2018-02-14,2.615,BZ=F,0.271,NZDUSD=X,2.57,^TNX,-0.337,AIR.NZ
2018-02-15,-0.047,BZ=F,1.26,NZDUSD=X,-0.755,^TNX,-0.338,AIR.NZ
2018-02-16,0.793,BZ=F,0.332,NZDUSD=X,-0.484,^TNX,-0.847,AIR.NZ
2018-02-20,0.632,BZ=F,-0.325,NZDUSD=X,0.556,^TNX,1.361,AIR.NZ
2018-02-21,0.261,BZ=F,-0.293,NZDUSD=X,1.728,^TNX,-0.503,AIR.NZ
2018-02-22,1.483,BZ=F,-0.348,NZDUSD=X,-0.883,^TNX,1.18,AIR.NZ
2018-02-23,1.386,BZ=F,0.099,NZDUSD=X,-1.577,^TNX,2.0,AIR.NZ
2018-02-26,0.282,BZ=F,-0.614,NZDUSD=X,-0.418,^TNX,0.98,AIR.NZ
2018-02-27,-1.289,BZ=F,0.169,NZDUSD=X,1.714,^TNX,2.589,AIR.NZ
2018-02-28,-1.276,BZ=F,-0.771,NZDUSD=X,-1.376,^TNX,3.786,AIR.NZ
2018-03-01,-0.106,BZ=F,-0.381,NZDUSD=X,-2.232,^TNX,0.608,AIR.NZ
2018-03-02,-2.039,BZ=F,0.746,NZDUSD=X,1.89,^TNX,-2.417,AIR.NZ
2018-03-05,1.818,BZ=F,-0.424,NZDUSD=X,0.84,^TNX,1.858,AIR.NZ
2018-03-06,0.381,BZ=F,-0.076,NZDUSD=X,-0.139,^TNX,0.304,AIR.NZ
2018-03-07,-2.204,BZ=F,0.801,NZDUSD=X,0.209,^TNX,0.909,AIR.NZ
2018-03-08,-1.135,BZ=F,0.055,NZDUSD=X,-0.59,^TNX,2.484,AIR.NZ
2018-03-09,2.956,BZ=F,-0.364,NZDUSD=X,0.977,^TNX,-0.606,AIR.NZ
2018-03-12,-0.825,BZ=F,0.659,NZDUSD=X,-0.829,^TNX,-0.152,AIR.NZ
2018-03-13,-0.477,BZ=F,-0.098,NZDUSD=X,-0.767,^TNX,0.153,AIR.NZ
2018-03-14,0.387,BZ=F,0.393,NZDUSD=X,-1.088,^TNX,1.524,AIR.NZ
2018-03-15,0.354,BZ=F,-0.196,NZDUSD=X,0.319,^TNX,0.601,AIR.NZ
2018-03-16,1.674,BZ=F,-0.61,NZDUSD=X,0.778,^TNX,0.896,AIR.NZ
2018-03-19,-0.242,BZ=F,-0.596,NZDUSD=X,-0.105,^TNX,,
2018-03-20,2.074,BZ=F,0.214,NZDUSD=X,1.195,^TNX,0.0,AIR.NZ
2018-03-21,3.041,BZ=F,-0.879,NZDUSD=X,0.973,^TNX,-0.148,AIR.NZ
2018-03-22,-0.806,BZ=F,0.717,NZDUSD=X,-2.58,^TNX,0.148,AIR.NZ
2018-03-23,2.235,BZ=F,-0.203,NZDUSD=X,-0.071,^TNX,0.296,AIR.NZ
2018-03-26,-0.468,BZ=F,0.344,NZDUSD=X,0.459,^TNX,-2.655,AIR.NZ
2018-03-27,-0.014,BZ=F,0.853,NZDUSD=X,-2.005,^TNX,0.606,AIR.NZ
2018-03-28,-0.827,BZ=F,-0.446,NZDUSD=X,-0.395,^TNX,-2.41,AIR.NZ
2018-03-29,1.064,BZ=F,-0.804,NZDUSD=X,-1.225,^TNX,-0.309,AIR.NZ
2018-04-02,-3.743,BZ=F,0.093,NZDUSD=X,-0.328,^TNX,,
2018-04-03,0.71,BZ=F,-0.453,NZDUSD=X,1.903,^TNX,-0.929,AIR.NZ
2018-04-04,-0.147,BZ=F,0.843,NZDUSD=X,0.144,^TNX,3.906,AIR.NZ
2018-04-05,0.456,BZ=F,0.76,NZDUSD=X,1.578,^TNX,-0.752,AIR.NZ
2018-04-06,-1.785,BZ=F,-0.768,NZDUSD=X,-2.013,^TNX,1.061,AIR.NZ
2018-04-09,2.295,BZ=F,0.164,NZDUSD=X,0.396,^TNX,0.45,AIR.NZ
2018-04-10,3.481,BZ=F,0.452,NZDUSD=X,0.395,^TNX,1.045,AIR.NZ
2018-04-11,1.436,BZ=F,0.868,NZDUSD=X,-0.25,^TNX,0.739,AIR.NZ
2018-04-12,-0.056,BZ=F,-0.032,NZDUSD=X,1.577,^TNX,-1.026,AIR.NZ
2018-04-13,0.778,BZ=F,0.146,NZDUSD=X,-0.176,^TNX,0.148,AIR.NZ
2018-04-16,-1.598,BZ=F,-0.416,NZDUSD=X,0.106,^TNX,-2.219,AIR.NZ
2018-04-17,0.224,BZ=F,0.246,NZDUSD=X,-0.636,^TNX,-1.059,AIR.NZ
2018-04-18,2.654,BZ=F,-0.355,NZDUSD=X,1.883,^TNX,0.917,AIR.NZ
2018-04-19,0.408,BZ=F,-0.216,NZDUSD=X,1.639,^TNX,0.0,AIR.NZ
2018-04-20,0.38,BZ=F,-0.885,NZDUSD=X,1.27,^TNX,-0.303,AIR.NZ
2018-04-23,0.878,BZ=F,-0.769,NZDUSD=X,0.746,^TNX,-1.216,AIR.NZ
2018-04-24,-1.138,BZ=F,-0.745,NZDUSD=X,0.336,^TNX,0.0,AIR.NZ
2018-04-25,0.19,BZ=F,-0.459,NZDUSD=X,1.374,^TNX,,
2018-04-26,1.0,BZ=F,-0.577,NZDUSD=X,-1.124,^TNX,0.615,AIR.NZ
2018-04-27,-0.134,BZ=F,-0.157,NZDUSD=X,-1.104,^TNX,-0.306,AIR.NZ
2018-04-30,0.71,BZ=F,0.264,NZDUSD=X,-0.71,^TNX,0.307,AIR.NZ
2018-05-01,0.0,BZ=F,-0.655,NZDUSD=X,1.362,^TNX,-0.459,AIR.NZ
2018-05-02,-2.408,BZ=F,-0.522,NZDUSD=X,-0.403,^TNX,0.461,AIR.NZ
2018-05-03,0.354,BZ=F,-0.085,NZDUSD=X,-0.607,^TNX,0.612,AIR.NZ
2018-05-04,1.698,BZ=F,0.655,NZDUSD=X,-0.068,^TNX,0.304,AIR.NZ
2018-05-07,1.736,BZ=F,-0.296,NZDUSD=X,0.204,^TNX,0.909,AIR.NZ
2018-05-08,-1.733,BZ=F,0.041,NZDUSD=X,0.644,^TNX,-1.351,AIR.NZ
2018-05-09,3.153,BZ=F,-0.766,NZDUSD=X,1.179,^TNX,0.761,AIR.NZ
2018-05-10,0.337,BZ=F,-0.541,NZDUSD=X,-1.099,^TNX,1.36,AIR.NZ
2018-05-11,-0.452,BZ=F,0.467,NZDUSD=X,0.0,^TNX,0.745,AIR.NZ
2018-05-14,1.439,BZ=F,0.063,NZDUSD=X,0.808,^TNX,0.148,AIR.NZ
2018-05-15,0.256,BZ=F,-0.72,NZDUSD=X,2.838,^TNX,-2.216,AIR.NZ
2018-05-16,1.084,BZ=F,-0.787,NZDUSD=X,0.487,^TNX,0.604,AIR.NZ
2018-05-17,0.025,BZ=F,0.6,NZDUSD=X,0.452,^TNX,1.351,AIR.NZ
2018-05-18,-0.996,BZ=F,-0.29,NZDUSD=X,-1.351,^TNX,0.148,AIR.NZ
2018-05-21,0.904,BZ=F,0.43,NZDUSD=X,-0.065,^TNX,0.0,AIR.NZ
2018-05-22,0.442,BZ=F,0.564,NZDUSD=X,0.0,^TNX,-0.148,AIR.NZ
2018-05-23,0.289,BZ=F,-0.163,NZDUSD=X,-2.023,^TNX,-0.444,AIR.NZ
2018-05-24,-1.266,BZ=F,-0.186,NZDUSD=X,-0.733,^TNX,-1.786,AIR.NZ
2018-05-25,-2.983,BZ=F,0.033,NZDUSD=X,-1.677,^TNX,-2.273,AIR.NZ
2018-05-29,-1.374,BZ=F,0.278,NZDUSD=X,-5.561,^TNX,0.917,AIR.NZ
2018-05-30,2.799,BZ=F,-0.729,NZDUSD=X,2.673,^TNX,-1.667,AIR.NZ
2018-05-31,0.116,BZ=F,1.382,NZDUSD=X,-0.704,^TNX,-3.544,AIR.NZ
2018-06-01,0.0,BZ=F,0.315,NZDUSD=X,2.587,^TNX,3.834,AIR.NZ
2018-06-04,-2.964,BZ=F,-0.368,NZDUSD=X,1.451,^TNX,,
2018-06-05,0.12,BZ=F,0.729,NZDUSD=X,-0.613,^TNX,-0.923,AIR.NZ
2018-06-06,-0.027,BZ=F,-0.029,NZDUSD=X,1.918,^TNX,-0.311,AIR.NZ
2018-06-07,2.601,BZ=F,0.134,NZDUSD=X,-1.412,^TNX,0.156,AIR.NZ
2018-06-08,-1.112,BZ=F,-0.288,NZDUSD=X,0.136,^TNX,-0.778,AIR.NZ
2018-06-11,0.0,BZ=F,0.213,NZDUSD=X,0.681,^TNX,-1.254,AIR.NZ
2018-06-12,-0.759,BZ=F,-0.232,NZDUSD=X,0.0,^TNX,-0.317,AIR.NZ
2018-06-13,1.133,BZ=F,-0.171,NZDUSD=X,0.676,^TNX,-0.478,AIR.NZ
2018-06-14,-1.042,BZ=F,0.292,NZDUSD=X,-1.041,^TNX,2.4,AIR.NZ
2018-06-15,-3.292,BZ=F,-0.91,NZDUSD=X,-0.747,^TNX,3.437,AIR.NZ
2018-06-18,2.587,BZ=F,-0.33,NZDUSD=X,0.068,^TNX,-1.511,AIR.NZ
2018-06-19,-0.345,BZ=F,-0.111,NZDUSD=X,-1.128,^TNX,-0.767,AIR.NZ
2018-06-20,-0.453,BZ=F,-0.383,NZDUSD=X,1.21,^TNX,0.155,AIR.NZ
2018-06-21,-2.261,BZ=F,-0.514,NZDUSD=X,-1.059,^TNX,0.463,AIR.NZ
2018-06-22,3.422,BZ=F,0.024,NZDUSD=X,0.104,^TNX,0.768,AIR.NZ
2018-06-25,-1.085,BZ=F,0.651,NZDUSD=X,-0.862,^TNX,-2.591,AIR.NZ
2018-06-26,2.114,BZ=F,-0.383,NZDUSD=X,0.174,^TNX,-1.409,AIR.NZ
2018-06-27,1.717,BZ=F,-0.56,NZDUSD=X,-1.84,^TNX,2.222,AIR.NZ
2018-06-28,0.296,BZ=F,-0.864,NZDUSD=X,0.707,^TNX,-1.398,AIR.NZ
2018-06-29,2.042,BZ=F,-0.571,NZDUSD=X,0.07,^TNX,0.0,AIR.NZ
2018-07-02,-2.694,BZ=F,0.382,NZDUSD=X,0.597,^TNX,0.787,AIR.NZ
2018-07-03,0.595,BZ=F,-0.996,NZDUSD=X,-0.977,^TNX,0.0,AIR.NZ
2018-07-05,-0.476,BZ=F,0.131,NZDUSD=X,0.07,^TNX,-0.625,AIR.NZ
2018-07-06,-0.362,BZ=F,0.497,NZDUSD=X,-0.317,^TNX,-0.472,AIR.NZ
2018-07-09,1.245,BZ=F,0.586,NZDUSD=X,1.024,^TNX,1.264,AIR.NZ
2018-07-10,1.012,BZ=F,0.212,NZDUSD=X,0.455,^TNX,-1.092,AIR.NZ
2018-07-11,-6.924,BZ=F,-0.472,NZDUSD=X,-1.079,^TNX,0.315,AIR.NZ
2018-07-12,1.431,BZ=F,-0.905,NZDUSD=X,0.387,^TNX,-0.157,AIR.NZ
2018-07-13,1.182,BZ=F,0.242,NZDUSD=X,-0.771,^TNX,0.157,AIR.NZ
2018-07-16,-4.633,BZ=F,-0.094,NZDUSD=X,0.954,^TNX,-0.157,AIR.NZ
2018-07-17,0.445,BZ=F,0.288,NZDUSD=X,0.21,^TNX,0.787,AIR.NZ
2018-07-18,1.025,BZ=F,-0.163,NZDUSD=X,0.384,^TNX,0.312,AIR.NZ
2018-07-19,-0.439,BZ=F,0.283,NZDUSD=X,-0.974,^TNX,0.935,AIR.NZ
2018-07-20,0.675,BZ=F,-0.662,NZDUSD=X,1.686,^TNX,-0.617,AIR.NZ
2018-07-23,-0.014,BZ=F,1.086,NZDUSD=X,2.418,^TNX,0.0,AIR.NZ
2018-07-24,0.52,BZ=F,-0.563,NZDUSD=X,-0.54,^TNX,0.466,AIR.NZ
2018-07-25,0.667,BZ=F,0.322,NZDUSD=X,-0.441,^TNX,0.464,AIR.NZ
2018-07-26,0.825,BZ=F,0.585,NZDUSD=X,1.328,^TNX,-0.615,AIR.NZ
2018-07-27,-0.335,BZ=F,-0.856,NZDUSD=X,-0.504,^TNX,1.393,AIR.NZ
2018-07-30,0.915,BZ=F,0.154,NZDUSD=X,0.507,^TNX,-0.763,AIR.NZ
2018-07-31,-0.96,BZ=F,0.397,NZDUSD=X,-0.37,^TNX,-0.154,AIR.NZ
2018-08-01,0.0,BZ=F,-0.296,NZDUSD=X,1.316,^TNX,0.0,AIR.NZ
2018-08-02,-1.077,BZ=F,-0.124,NZDUSD=X,-0.566,^TNX,0.77,AIR.NZ
2018-08-03,-0.327,BZ=F,-0.844,NZDUSD=X,-1.105,^TNX,0.917,AIR.NZ
2018-08-06,0.738,BZ=F,0.123,NZDUSD=X,-0.508,^TNX,1.212,AIR.NZ
2018-08-07,1.22,BZ=F,-0.233,NZDUSD=X,1.191,^TNX,0.0,AIR.NZ
2018-08-08,-3.175,BZ=F,0.153,NZDUSD=X,-0.067,^TNX,-0.15,AIR.NZ
2018-08-09,-0.291,BZ=F,-0.681,NZDUSD=X,-1.212,^TNX,0.15,AIR.NZ
2018-08-10,1.027,BZ=F,-1.311,NZDUSD=X,-2.658,^TNX,0.599,AIR.NZ
2018-08-13,-0.275,BZ=F,-0.331,NZDUSD=X,0.7,^TNX,-0.893,AIR.NZ
2018-08-14,-0.207,BZ=F,-0.145,NZDUSD=X,0.626,^TNX,-0.15,AIR.NZ
2018-08-15,-2.346,BZ=F,-0.062,NZDUSD=X,-1.485,^TNX,-0.15,AIR.NZ
2018-08-16,0.947,BZ=F,-0.201,NZDUSD=X,0.666,^TNX,0.0,AIR.NZ
2018-08-17,0.56,BZ=F,0.407,NZDUSD=X,0.07,^TNX,1.506,AIR.NZ
2018-08-20,0.529,BZ=F,0.62,NZDUSD=X,-1.74,^TNX,0.297,AIR.NZ
2018-08-21,0.582,BZ=F,0.228,NZDUSD=X,0.744,^TNX,0.592,AIR.NZ
2018-08-22,2.96,BZ=F,0.94,NZDUSD=X,-0.738,^TNX,0.294,AIR.NZ
2018-08-23,-0.067,BZ=F,-0.091,NZDUSD=X,-0.071,^TNX,-4.252,AIR.NZ
2018-08-24,1.459,BZ=F,-1.061,NZDUSD=X,0.177,^TNX,-0.919,AIR.NZ
2018-08-27,0.514,BZ=F,1.145,NZDUSD=X,0.778,^TNX,1.082,AIR.NZ
2018-08-28,-0.341,BZ=F,0.036,NZDUSD=X,1.264,^TNX,0.612,AIR.NZ
2018-08-29,1.567,BZ=F,0.133,NZDUSD=X,0.0,^TNX,0.304,AIR.NZ
2018-08-30,0.817,BZ=F,-0.001,NZDUSD=X,-0.832,^TNX,-0.909,AIR.NZ
2018-08-31,-0.45,BZ=F,-0.959,NZDUSD=X,-0.245,^TNX,0.917,AIR.NZ
2018-09-04,0.969,BZ=F,-0.002,NZDUSD=X,1.717,^TNX,0.756,AIR.NZ
2018-09-05,-1.151,BZ=F,-0.832,NZDUSD=X,0.0,^TNX,0.15,AIR.NZ
2018-09-06,-0.997,BZ=F,0.68,NZDUSD=X,-0.793,^TNX,-0.465,AIR.NZ
2018-09-07,0.431,BZ=F,-0.232,NZDUSD=X,2.188,^TNX,-1.558,AIR.NZ
2018-09-10,0.703,BZ=F,-0.7,NZDUSD=X,-0.17,^TNX,-0.475,AIR.NZ
2018-09-11,2.184,BZ=F,-0.249,NZDUSD=X,1.362,^TNX,2.226,AIR.NZ
2018-09-12,0.86,BZ=F,-0.068,NZDUSD=X,-0.47,^TNX,-1.711,AIR.NZ
2018-09-13,-1.956,BZ=F,0.693,NZDUSD=X,0.0,^TNX,0.158,AIR.NZ
2018-09-14,-0.115,BZ=F,0.187,NZDUSD=X,1.046,^TNX,0.474,AIR.NZ
2018-09-17,-0.051,BZ=F,-0.479,NZDUSD=X,0.234,^TNX,0.314,AIR.NZ
2018-09-18,1.256,BZ=F,0.331,NZDUSD=X,1.566,^TNX,-0.313,AIR.NZ
2018-09-19,0.468,BZ=F,0.386,NZDUSD=X,1.148,^TNX,-0.157,AIR.NZ
2018-09-20,-0.882,BZ=F,0.824,NZDUSD=X,-0.162,^TNX,-0.158,AIR.NZ
2018-09-21,0.127,BZ=F,0.577,NZDUSD=X,-0.325,^TNX,-1.104,AIR.NZ
2018-09-24,3.046,BZ=F,0.057,NZDUSD=X,0.326,^TNX,-0.478,AIR.NZ
2018-09-25,0.825,BZ=F,-0.653,NZDUSD=X,0.78,^TNX,-1.603,AIR.NZ
2018-09-26,-0.647,BZ=F,0.037,NZDUSD=X,-1.322,^TNX,-0.326,AIR.NZ
2018-09-27,0.467,BZ=F,0.285,NZDUSD=X,-0.163,^TNX,-0.98,AIR.NZ
2018-09-28,1.224,BZ=F,-0.682,NZDUSD=X,0.0,^TNX,1.98,AIR.NZ
2018-10-01,2.732,BZ=F,0.081,NZDUSD=X,0.785,^TNX,-1.78,AIR.NZ
2018-10-02,-0.212,BZ=F,-0.285,NZDUSD=X,-0.779,^TNX,-1.483,AIR.NZ
2018-10-03,1.757,BZ=F,-0.222,NZDUSD=X,3.436,^TNX,1.171,AIR.NZ
2018-10-04,-1.982,BZ=F,-1.334,NZDUSD=X,1.139,^TNX,-0.661,AIR.NZ
2018-10-05,-0.497,BZ=F,-0.314,NZDUSD=X,0.876,^TNX,-1.664,AIR.NZ
2018-10-08,-0.297,BZ=F,-0.685,NZDUSD=X,0.248,^TNX,-1.015,AIR.NZ
2018-10-09,1.299,BZ=F,0.224,NZDUSD=X,-0.773,^TNX,1.368,AIR.NZ
2018-10-10,-2.247,BZ=F,0.564,NZDUSD=X,0.53,^TNX,0.337,AIR.NZ
2018-10-11,-3.406,BZ=F,-0.418,NZDUSD=X,-2.853,^TNX,-3.193,AIR.NZ
2018-10-12,0.212,BZ=F,1.032,NZDUSD=X,0.255,^TNX,-0.694,AIR.NZ
2018-10-15,0.435,BZ=F,-0.409,NZDUSD=X,0.7,^TNX,-0.699,AIR.NZ
2018-10-16,0.78,BZ=F,1.109,NZDUSD=X,-0.221,^TNX,-1.761,AIR.NZ
2018-10-17,-1.671,BZ=F,0.153,NZDUSD=X,0.729,^TNX,-0.358,AIR.NZ
2018-10-18,-0.949,BZ=F,-0.575,NZDUSD=X,-0.126,^TNX,-0.18,AIR.NZ
2018-10-19,0.618,BZ=F,-0.097,NZDUSD=X,0.724,^TNX,-1.261,AIR.NZ
2018-10-22,0.063,BZ=F,0.851,NZDUSD=X,-0.063,^TNX,,
2018-10-23,-4.247,BZ=F,-0.612,NZDUSD=X,-0.939,^TNX,-1.46,AIR.NZ
2018-10-24,-0.353,BZ=F,-0.008,NZDUSD=X,-1.327,^TNX,-0.741,AIR.NZ
2018-10-25,0.945,BZ=F,-0.653,NZDUSD=X,0.384,^TNX,-2.425,AIR.NZ
2018-10-26,0.949,BZ=F,0.274,NZDUSD=X,-1.881,^TNX,1.53,AIR.NZ
2018-10-29,-0.361,BZ=F,0.008,NZDUSD=X,0.325,^TNX,0.188,AIR.NZ
2018-10-30,-1.849,BZ=F,-0.019,NZDUSD=X,0.745,^TNX,2.256,AIR.NZ
2018-10-31,-0.58,BZ=F,0.477,NZDUSD=X,1.576,^TNX,2.941,AIR.NZ
2018-11-01,0.04,BZ=F,-0.511,NZDUSD=X,-0.475,^TNX,5.714,AIR.NZ
2018-11-02,-3.536,BZ=F,1.928,NZDUSD=X,2.226,^TNX,-0.845,AIR.NZ
2018-11-05,0.467,BZ=F,-0.031,NZDUSD=X,-0.404,^TNX,1.533,AIR.NZ
2018-11-06,-1.421,BZ=F,0.171,NZDUSD=X,0.406,^TNX,1.007,AIR.NZ
2018-11-07,-0.083,BZ=F,1.215,NZDUSD=X,-0.031,^TNX,0.664,AIR.NZ
2018-11-08,-1.97,BZ=F,0.647,NZDUSD=X,0.654,^TNX,0.66,AIR.NZ
2018-11-09,-0.665,BZ=F,-0.491,NZDUSD=X,-1.391,^TNX,0.492,AIR.NZ
2018-11-12,-0.085,BZ=F,-0.318,NZDUSD=X,-0.094,^TNX,-0.163,AIR.NZ
2018-11-13,-6.631,BZ=F,-0.178,NZDUSD=X,-1.287,^TNX,-0.817,AIR.NZ
2018-11-14,0.993,BZ=F,0.77,NZDUSD=X,-0.795,^TNX,0.824,AIR.NZ
2018-11-15,0.756,BZ=F,0.333,NZDUSD=X,-0.064,^TNX,1.471,AIR.NZ
2018-11-16,0.21,BZ=F,0.476,NZDUSD=X,-1.411,^TNX,-1.771,AIR.NZ
2018-11-19,0.045,BZ=F,0.549,NZDUSD=X,-0.553,^TNX,-0.328,AIR.NZ
2018-11-20,-6.378,BZ=F,-0.313,NZDUSD=X,-0.294,^TNX,0.329,AIR.NZ
2018-11-21,1.519,BZ=F,-0.728,NZDUSD=X,0.427,^TNX,0.656,AIR.NZ
2018-11-23,-7.372,BZ=F,-0.277,NZDUSD=X,-0.229,^TNX,0.329,AIR.NZ
2018-11-26,2.857,BZ=F,-0.53,NZDUSD=X,0.589,^TNX,0.0,AIR.NZ
2018-11-27,-0.446,BZ=F,0.053,NZDUSD=X,-0.553,^TNX,-1.475,AIR.NZ
2018-11-28,-2.408,BZ=F,0.329,NZDUSD=X,-0.36,^TNX,2.829,AIR.NZ
2018-11-29,1.276,BZ=F,1.039,NZDUSD=X,-0.296,^TNX,0.324,AIR.NZ
2018-11-30,-1.344,BZ=F,-0.051,NZDUSD=X,-0.725,^TNX,-0.645,AIR.NZ
2018-12-03,5.076,BZ=F,0.659,NZDUSD=X,-0.697,^TNX,0.649,AIR.NZ
2018-12-04,0.632,BZ=F,0.245,NZDUSD=X,-2.273,^TNX,-1.613,AIR.NZ
2018-12-06,-3.254,BZ=F,-0.673,NZDUSD=X,-1.642,^TNX,-0.824,AIR.NZ
2018-12-07,2.681,BZ=F,-0.169,NZDUSD=X,-0.904,^TNX,0.664,AIR.NZ
2018-12-10,-2.757,BZ=F,-0.548,NZDUSD=X,0.211,^TNX,-2.145,AIR.NZ
2018-12-11,0.384,BZ=F,0.431,NZDUSD=X,0.805,^TNX,0.169,AIR.NZ
2018-12-12,-0.083,BZ=F,0.195,NZDUSD=X,0.938,^TNX,0.337,AIR.NZ
2018-12-13,2.161,BZ=F,-0.415,NZDUSD=X,0.172,^TNX,1.342,AIR.NZ
2018-12-14,-1.904,BZ=F,-0.035,NZDUSD=X,-0.687,^TNX,0.0,AIR.NZ
2018-12-17,-1.111,BZ=F,-0.942,NZDUSD=X,-1.176,^TNX,2.318,AIR.NZ
2018-12-18,-5.62,BZ=F,0.257,NZDUSD=X,-1.12,^TNX,0.162,AIR.NZ
2018-12-19,1.742,BZ=F,0.628,NZDUSD=X,-1.664,^TNX,3.069,AIR.NZ
2018-12-20,-5.049,BZ=F,-1.093,NZDUSD=X,0.396,^TNX,0.314,AIR.NZ
2018-12-21,-0.975,BZ=F,-0.047,NZDUSD=X,0.108,^TNX,-1.875,AIR.NZ
2018-12-24,-6.224,BZ=F,-0.837,NZDUSD=X,-1.54,^TNX,-1.433,AIR.NZ
2018-12-26,7.926,BZ=F,-0.083,NZDUSD=X,1.746,^TNX,,
2018-12-27,-4.241,BZ=F,0.143,NZDUSD=X,-1.931,^TNX,0.162,AIR.NZ
2018-12-28,0.077,BZ=F,-0.588,NZDUSD=X,-0.255,^TNX,1.613,AIR.NZ
2018-12-31,3.065,BZ=F,0.112,NZDUSD=X,-1.827,^TNX,-1.587,AIR.NZ
2019-01-02,2.063,BZ=F,-0.169,NZDUSD=X,-0.931,^TNX,,
2019-01-03,1.894,BZ=F,-1.192,NZDUSD=X,-4.021,^TNX,-0.968,AIR.NZ
2019-01-04,1.984,BZ=F,0.828,NZDUSD=X,4.111,^TNX,-0.326,AIR.NZ
2019-01-07,0.473,BZ=F,0.822,NZDUSD=X,0.865,^TNX,0.327,AIR.NZ
2019-01-08,2.425,BZ=F,0.151,NZDUSD=X,1.268,^TNX,0.326,AIR.NZ
2019-01-09,4.632,BZ=F,-0.195,NZDUSD=X,0.442,^TNX,2.597,AIR.NZ
2019-01-10,0.391,BZ=F,0.75,NZDUSD=X,0.11,^TNX,1.108,AIR.NZ
2019-01-11,-1.946,BZ=F,-0.087,NZDUSD=X,-1.098,^TNX,-1.095,AIR.NZ
2019-01-14,-2.464,BZ=F,0.539,NZDUSD=X,0.333,^TNX,-0.949,AIR.NZ
2019-01-15,2.797,BZ=F,0.075,NZDUSD=X,0.037,^TNX,1.278,AIR.NZ
2019-01-16,1.121,BZ=F,-0.048,NZDUSD=X,0.738,^TNX,0.946,AIR.NZ
2019-01-17,-0.228,BZ=F,-0.73,NZDUSD=X,0.659,^TNX,1.406,AIR.NZ
2019-01-18,2.484,BZ=F,-0.155,NZDUSD=X,1.273,^TNX,0.154,AIR.NZ
2019-01-22,-1.914,BZ=F,-0.155,NZDUSD=X,-1.94,^TNX,0.0,AIR.NZ
2019-01-23,-0.585,BZ=F,0.328,NZDUSD=X,0.916,^TNX,0.76,AIR.NZ
2019-01-24,-0.082,BZ=F,0.62,NZDUSD=X,-1.561,^TNX,-1.056,AIR.NZ
2019-01-25,0.9,BZ=F,-0.498,NZDUSD=X,1.512,^TNX,-0.305,AIR.NZ
2019-01-28,-2.774,BZ=F,1.174,NZDUSD=X,-0.327,^TNX,0.0,AIR.NZ
2019-01-29,2.319,BZ=F,-0.086,NZDUSD=X,-1.166,^TNX,0.0,AIR.NZ
2019-01-30,0.538,BZ=F,-0.155,NZDUSD=X,-0.627,^TNX,-13.456,AIR.NZ
2019-01-31,0.389,BZ=F,1.127,NZDUSD=X,-2.226,^TNX,-0.707,AIR.NZ
2019-02-01,-0.032,BZ=F,0.207,NZDUSD=X,2.125,^TNX,-4.626,AIR.NZ
2019-02-04,1.034,BZ=F,-0.228,NZDUSD=X,1.226,^TNX,2.052,AIR.NZ
2019-02-05,-0.848,BZ=F,-0.294,NZDUSD=X,-0.808,^TNX,1.097,AIR.NZ
2019-02-06,1.146,BZ=F,0.349,NZDUSD=X,0.0,^TNX,,
2019-02-07,-1.691,BZ=F,-1.919,NZDUSD=X,-1.85,^TNX,1.266,AIR.NZ
2019-02-08,0.763,BZ=F,-0.333,NZDUSD=X,-0.754,^TNX,-0.714,AIR.NZ
2019-02-11,-0.95,BZ=F,0.196,NZDUSD=X,1.102,^TNX,-1.439,AIR.NZ
2019-02-12,1.479,BZ=F,-0.336,NZDUSD=X,0.864,^TNX,0.365,AIR.NZ
2019-02-13,1.906,BZ=F,0.057,NZDUSD=X,0.894,^TNX,-0.545,AIR.NZ
2019-02-14,1.509,BZ=F,0.988,NZDUSD=X,-1.883,^TNX,-0.914,AIR.NZ
2019-02-15,2.602,BZ=F,0.36,NZDUSD=X,0.339,^TNX,-1.66,AIR.NZ
2019-02-19,0.302,BZ=F,-0.13,NZDUSD=X,-0.713,^TNX,0.376,AIR.NZ
2019-02-20,0.948,BZ=F,0.341,NZDUSD=X,0.264,^TNX,-0.749,AIR.NZ
2019-02-21,-0.015,BZ=F,-0.313,NZDUSD=X,1.281,^TNX,-1.509,AIR.NZ
2019-02-22,0.075,BZ=F,-0.643,NZDUSD=X,-1.228,^TNX,1.533,AIR.NZ
2019-02-25,-3.516,BZ=F,0.756,NZDUSD=X,0.678,^TNX,-0.189,AIR.NZ
2019-02-26,0.695,BZ=F,0.293,NZDUSD=X,-1.384,^TNX,-0.945,AIR.NZ
2019-02-27,1.81,BZ=F,0.143,NZDUSD=X,2.162,^TNX,-2.29,AIR.NZ
2019-02-28,-0.542,BZ=F,-0.612,NZDUSD=X,0.668,^TNX,-3.516,AIR.NZ
2019-03-01,-1.454,BZ=F,-0.461,NZDUSD=X,1.623,^TNX,0.202,AIR.NZ
2019-03-04,0.922,BZ=F,0.014,NZDUSD=X,-1.198,^TNX,1.818,AIR.NZ
2019-03-05,0.289,BZ=F,0.012,NZDUSD=X,0.0,^TNX,0.595,AIR.NZ
2019-03-06,0.197,BZ=F,-0.334,NZDUSD=X,-1.102,^TNX,-0.197,AIR.NZ
2019-03-07,0.47,BZ=F,-0.434,NZDUSD=X,-2.08,^TNX,0.791,AIR.NZ
2019-03-08,-0.845,BZ=F,-0.097,NZDUSD=X,-0.417,^TNX,-0.588,AIR.NZ
2019-03-11,1.278,BZ=F,0.622,NZDUSD=X,0.686,^TNX,-0.395,AIR.NZ
2019-03-12,0.135,BZ=F,0.444,NZDUSD=X,-1.438,^TNX,-0.99,AIR.NZ
2019-03-13,1.32,BZ=F,0.244,NZDUSD=X,0.23,^TNX,-0.8,AIR.NZ
2019-03-14,-0.474,BZ=F,0.067,NZDUSD=X,0.728,^TNX,-0.633,AIR.NZ
2019-03-15,-0.104,BZ=F,-0.31,NZDUSD=X,-1.407,^TNX,-1.486,AIR.NZ
2019-03-18,0.566,BZ=F,0.094,NZDUSD=X,0.347,^TNX,1.293,AIR.NZ
2019-03-19,0.104,BZ=F,0.036,NZDUSD=X,0.461,^TNX,-1.915,AIR.NZ
2019-03-20,1.316,BZ=F,0.144,NZDUSD=X,-3.022,^TNX,0.0,AIR.NZ
2019-03-21,-0.934,BZ=F,0.92,NZDUSD=X,0.079,^TNX,-3.254,AIR.NZ
2019-03-22,-1.223,BZ=F,-0.531,NZDUSD=X,-3.232,^TNX,4.036,AIR.NZ
2019-03-25,0.269,BZ=F,-0.069,NZDUSD=X,-1.426,^TNX,0.216,AIR.NZ
2019-03-26,1.131,BZ=F,0.512,NZDUSD=X,-0.248,^TNX,1.505,AIR.NZ
2019-03-27,-0.206,BZ=F,-0.066,NZDUSD=X,-1.657,^TNX,2.331,AIR.NZ
2019-03-28,-0.015,BZ=F,-1.591,NZDUSD=X,0.632,^TNX,2.277,AIR.NZ
2019-03-29,0.84,BZ=F,-0.242,NZDUSD=X,1.046,^TNX,2.632,AIR.NZ
2019-04-01,0.907,BZ=F,0.624,NZDUSD=X,3.438,^TNX,1.775,AIR.NZ
2019-04-02,0.522,BZ=F,-0.496,NZDUSD=X,-0.641,^TNX,2.713,AIR.NZ
2019-04-03,-0.087,BZ=F,-0.559,NZDUSD=X,1.451,^TNX,0.943,AIR.NZ
2019-04-04,0.13,BZ=F,0.555,NZDUSD=X,-0.199,^TNX,0.0,AIR.NZ
2019-04-05,1.354,BZ=F,-0.468,NZDUSD=X,-0.438,^TNX,0.374,AIR.NZ
2019-04-08,1.08,BZ=F,-0.388,NZDUSD=X,0.72,^TNX,2.235,AIR.NZ
2019-04-09,-0.689,BZ=F,0.114,NZDUSD=X,-0.794,^TNX,-0.729,AIR.NZ
2019-04-10,1.586,BZ=F,0.196,NZDUSD=X,-0.88,^TNX,2.385,AIR.NZ
2019-04-11,-1.255,BZ=F,0.236,NZDUSD=X,1.09,^TNX,0.896,AIR.NZ
2019-04-12,1.017,BZ=F,-0.649,NZDUSD=X,2.236,^TNX,-3.02,AIR.NZ
2019-04-15,-0.517,BZ=F,0.656,NZDUSD=X,-0.273,^TNX,1.832,AIR.NZ
2019-04-16,0.759,BZ=F,-0.016,NZDUSD=X,1.528,^TNX,0.0,AIR.NZ
2019-04-17,-0.139,BZ=F,-0.848,NZDUSD=X,0.0,^TNX,-0.36,AIR.NZ
2019-04-18,0.489,BZ=F,0.243,NZDUSD=X,-1.235,^TNX,0.361,AIR.NZ
2019-04-22,2.876,BZ=F,-0.015,NZDUSD=X,1.172,^TNX,,
2019-04-23,0.635,BZ=F,-0.047,NZDUSD=X,-0.772,^TNX,-1.439,AIR.NZ
2019-04-24,0.081,BZ=F,-0.43,NZDUSD=X,-1.868,^TNX,0.365,AIR.NZ
2019-04-25,-0.295,BZ=F,-0.885,NZDUSD=X,0.476,^TNX,,
2019-04-26,-2.959,BZ=F,0.572,NZDUSD=X,-1.144,^TNX,-1.091,AIR.NZ
2019-04-29,-0.152,BZ=F,0.513,NZDUSD=X,1.238,^TNX,1.103,AIR.NZ
2019-04-30,1.055,BZ=F,0.045,NZDUSD=X,-1.065,^TNX,-2.364,AIR.NZ
2019-05-01,-0.852,BZ=F,-0.213,NZDUSD=X,0.08,^TNX,1.117,AIR.NZ
2019-05-02,-1.981,BZ=F,-0.422,NZDUSD=X,1.633,^TNX,3.131,AIR.NZ
2019-05-03,0.141,BZ=F,-0.175,NZDUSD=X,-0.823,^TNX,0.0,AIR.NZ
2019-05-06,0.55,BZ=F,-0.131,NZDUSD=X,-1.225,^TNX,-1.786,AIR.NZ
2019-05-07,-1.909,BZ=F,0.006,NZDUSD=X,-2.08,^TNX,-0.364,AIR.NZ
2019-05-08,0.701,BZ=F,-0.171,NZDUSD=X,1.389,^TNX,-0.183,AIR.NZ
2019-05-09,0.028,BZ=F,-0.184,NZDUSD=X,-1.007,^TNX,1.645,AIR.NZ
2019-05-10,0.327,BZ=F,0.042,NZDUSD=X,-0.081,^TNX,-0.719,AIR.NZ
2019-05-13,-0.552,BZ=F,0.065,NZDUSD=X,-2.037,^TNX,-0.362,AIR.NZ
2019-05-14,1.438,BZ=F,-0.225,NZDUSD=X,0.582,^TNX,-1.273,AIR.NZ
2019-05-15,0.744,BZ=F,-0.083,NZDUSD=X,-1.654,^TNX,0.184,AIR.NZ
2019-05-16,1.184,BZ=F,-0.12,NZDUSD=X,1.093,^TNX,0.0,AIR.NZ
2019-05-17,-0.565,BZ=F,-0.428,NZDUSD=X,-0.499,^TNX,0.368,AIR.NZ
2019-05-20,-0.332,BZ=F,-0.112,NZDUSD=X,0.961,^TNX,1.465,AIR.NZ
2019-05-21,0.292,BZ=F,0.19,NZDUSD=X,0.414,^TNX,-1.264,AIR.NZ
2019-05-22,-1.649,BZ=F,,,-1.36,^TNX,0.914,AIR.NZ
2019-05-23,-4.55,BZ=F,-0.691,NZDUSD=X,-4.053,^TNX,-1.268,AIR.NZ
2019-05-24,1.372,BZ=F,0.422,NZDUSD=X,1.22,^TNX,-0.183,AIR.NZ
2019-05-28,2.067,BZ=F,-0.168,NZDUSD=X,-2.41,^TNX,-2.214,AIR.NZ
2019-05-29,-0.941,BZ=F,-0.016,NZDUSD=X,-1.411,^TNX,-0.566,AIR.NZ
2019-05-30,-3.715,BZ=F,-0.475,NZDUSD=X,-0.403,^TNX,-2.087,AIR.NZ
2019-05-31,-3.559,BZ=F,-0.118,NZDUSD=X,-3.817,^TNX,0.775,AIR.NZ
2019-06-03,-4.978,BZ=F,0.423,NZDUSD=X,-2.848,^TNX,,
2019-06-04,1.126,BZ=F,0.897,NZDUSD=X,1.826,^TNX,-1.346,AIR.NZ
2019-06-05,-2.162,BZ=F,0.256,NZDUSD=X,0.189,^TNX,0.585,AIR.NZ
2019-06-06,1.715,BZ=F,0.267,NZDUSD=X,0.047,^TNX,-0.388,AIR.NZ
2019-06-07,2.627,BZ=F,-0.126,NZDUSD=X,-1.883,^TNX,-0.778,AIR.NZ
2019-06-10,-1.58,BZ=F,0.575,NZDUSD=X,2.831,^TNX,0.784,AIR.NZ
2019-06-11,0.0,BZ=F,-0.644,NZDUSD=X,-0.14,^TNX,1.556,AIR.NZ
2019-06-12,-3.725,BZ=F,-0.454,NZDUSD=X,-0.607,^TNX,2.874,AIR.NZ
2019-06-13,2.234,BZ=F,-0.108,NZDUSD=X,-1.693,^TNX,0.559,AIR.NZ
2019-06-14,1.142,BZ=F,-0.279,NZDUSD=X,0.096,^TNX,0.0,AIR.NZ
2019-06-17,-1.726,BZ=F,-0.912,NZDUSD=X,-0.334,^TNX,-1.481,AIR.NZ
2019-06-18,1.969,BZ=F,-0.02,NZDUSD=X,-1.246,^TNX,0.564,AIR.NZ
2019-06-19,-0.515,BZ=F,0.569,NZDUSD=X,-1.505,^TNX,1.308,AIR.NZ
2019-06-20,4.254,BZ=F,0.306,NZDUSD=X,-1.38,^TNX,-0.738,AIR.NZ
2019-06-21,1.164,BZ=F,0.46,NZDUSD=X,3.348,^TNX,-0.186,AIR.NZ
2019-06-24,-0.521,BZ=F,0.194,NZDUSD=X,-2.273,^TNX,1.49,AIR.NZ
2019-06-25,0.293,BZ=F,0.403,NZDUSD=X,-1.336,^TNX,-1.651,AIR.NZ
2019-06-26,2.214,BZ=F,0.141,NZDUSD=X,2.758,^TNX,0.56,AIR.NZ
2019-06-27,0.09,BZ=F,0.713,NZDUSD=X,-2.147,^TNX,-0.557,AIR.NZ
2019-06-28,0.0,BZ=F,0.318,NZDUSD=X,-0.249,^TNX,-1.119,AIR.NZ
2019-07-01,-2.239,BZ=F,0.317,NZDUSD=X,1.7,^TNX,0.0,AIR.NZ
2019-07-02,-4.089,BZ=F,-0.715,NZDUSD=X,-2.852,^TNX,1.321,AIR.NZ
2019-07-03,2.276,BZ=F,0.055,NZDUSD=X,-1.164,^TNX,-0.745,AIR.NZ
2019-07-05,0.642,BZ=F,-0.259,NZDUSD=X,4.864,^TNX,1.119,AIR.NZ
2019-07-08,-0.187,BZ=F,-0.907,NZDUSD=X,-0.684,^TNX,0.0,AIR.NZ
2019-07-09,0.078,BZ=F,-0.046,NZDUSD=X,0.983,^TNX,-1.107,AIR.NZ
2019-07-10,4.442,BZ=F,-0.401,NZDUSD=X,0.341,^TNX,0.187,AIR.NZ
2019-07-11,-0.731,BZ=F,0.668,NZDUSD=X,2.863,^TNX,-0.372,AIR.NZ
2019-07-12,0.301,BZ=F,0.275,NZDUSD=X,-0.66,^TNX,0.374,AIR.NZ
2019-07-15,-0.36,BZ=F,0.467,NZDUSD=X,-0.665,^TNX,0.372,AIR.NZ
2019-07-16,-3.204,BZ=F,0.44,NZDUSD=X,1.434,^TNX,-0.186,AIR.NZ
2019-07-17,-1.072,BZ=F,-0.33,NZDUSD=X,-2.875,^TNX,2.23,AIR.NZ
2019-07-18,-2.718,BZ=F,0.469,NZDUSD=X,-1.116,^TNX,0.909,AIR.NZ
2019-07-19,0.872,BZ=F,0.649,NZDUSD=X,0.491,^TNX,0.18,AIR.NZ
2019-07-22,1.265,BZ=F,-0.243,NZDUSD=X,-0.244,^TNX,0.0,AIR.NZ
2019-07-23,0.901,BZ=F,-0.31,NZDUSD=X,1.517,^TNX,-1.079,AIR.NZ
2019-07-24,-1.018,BZ=F,-0.6,NZDUSD=X,-1.157,^TNX,0.0,AIR.NZ
2019-07-25,0.332,BZ=F,0.033,NZDUSD=X,1.171,^TNX,0.545,AIR.NZ
2019-07-26,0.11,BZ=F,-0.615,NZDUSD=X,0.338,^TNX,-0.904,AIR.NZ
2019-07-29,0.394,BZ=F,-0.35,NZDUSD=X,-1.249,^TNX,0.73,AIR.NZ
2019-07-30,1.585,BZ=F,-0.095,NZDUSD=X,0.292,^TNX,-1.087,AIR.NZ
2019-07-31,0.695,BZ=F,-0.198,NZDUSD=X,-1.941,^TNX,-0.549,AIR.NZ
2019-08-01,-7.166,BZ=F,-0.982,NZDUSD=X,-6.284,^TNX,-0.184,AIR.NZ
2019-08-02,2.298,BZ=F,0.026,NZDUSD=X,-2.059,^TNX,0.738,AIR.NZ
2019-08-05,-3.361,BZ=F,-0.485,NZDUSD=X,-6.469,^TNX,0.0,AIR.NZ
2019-08-06,-1.455,BZ=F,0.57,NZDUSD=X,0.231,^TNX,-2.198,AIR.NZ
2019-08-07,-4.598,BZ=F,-0.419,NZDUSD=X,-3.163,^TNX,2.247,AIR.NZ
2019-08-08,2.045,BZ=F,-1.242,NZDUSD=X,1.9,^TNX,0.916,AIR.NZ
2019-08-09,2.004,BZ=F,0.534,NZDUSD=X,1.049,^TNX,-0.907,AIR.NZ
2019-08-12,0.068,BZ=F,-0.354,NZDUSD=X,-5.479,^TNX,0.916,AIR.NZ
2019-08-13,4.661,BZ=F,-0.226,NZDUSD=X,2.502,^TNX,-0.181,AIR.NZ
2019-08-14,-2.969,BZ=F,0.217,NZDUSD=X,-5.893,^TNX,0.182,AIR.NZ
2019-08-15,-2.102,BZ=F,-0.361,NZDUSD=X,-3.289,^TNX,-1.27,AIR.NZ
2019-08-16,0.704,BZ=F,-0.059,NZDUSD=X,0.654,^TNX,0.0,AIR.NZ
2019-08-19,1.876,BZ=F,-0.13,NZDUSD=X,3.834,^TNX,1.103,AIR.NZ
2019-08-20,0.485,BZ=F,-0.341,NZDUSD=X,-2.315,^TNX,-0.727,AIR.NZ
2019-08-21,0.45,BZ=F,0.103,NZDUSD=X,1.025,^TNX,0.0,AIR.NZ
2019-08-22,-0.63,BZ=F,-0.095,NZDUSD=X,2.093,^TNX,1.465,AIR.NZ
2019-08-23,-0.968,BZ=F,-0.265,NZDUSD=X,-5.093,^TNX,1.986,AIR.NZ
2019-08-26,-1.079,BZ=F,-0.396,NZDUSD=X,1.113,^TNX,-0.885,AIR.NZ
2019-08-27,1.38,BZ=F,0.376,NZDUSD=X,-3.56,^TNX,1.429,AIR.NZ
2019-08-28,1.647,BZ=F,-0.351,NZDUSD=X,-1.611,^TNX,0.352,AIR.NZ
2019-08-29,0.975,BZ=F,-0.427,NZDUSD=X,3.411,^TNX,0.0,AIR.NZ
2019-08-30,-1.064,BZ=F,-0.308,NZDUSD=X,-0.66,^TNX,0.526,AIR.NZ
2019-09-03,-3.591,BZ=F,0.07,NZDUSD=X,-2.656,^TNX,0.518,AIR.NZ
2019-09-04,4.188,BZ=F,0.534,NZDUSD=X,-0.477,^TNX,0.687,AIR.NZ
2019-09-05,0.412,BZ=F,0.279,NZDUSD=X,7.265,^TNX,-0.177,AIR.NZ
2019-09-06,0.968,BZ=F,0.252,NZDUSD=X,-0.958,^TNX,1.599,AIR.NZ
2019-09-09,1.706,BZ=F,0.855,NZDUSD=X,4.645,^TNX,0.0,AIR.NZ
2019-09-10,-0.336,BZ=F,0.014,NZDUSD=X,4.932,^TNX,-3.496,AIR.NZ
2019-09-11,-2.517,BZ=F,-0.155,NZDUSD=X,1.821,^TNX,-2.174,AIR.NZ
2019-09-12,-0.707,BZ=F,0.039,NZDUSD=X,3.347,^TNX,0.37,AIR.NZ
2019-09-13,-0.265,BZ=F,-0.285,NZDUSD=X,6.253,^TNX,-0.184,AIR.NZ
2019-09-16,14.613,BZ=F,-0.264,NZDUSD=X,-3.258,^TNX,-1.848,AIR.NZ
2019-09-17,-6.476,BZ=F,-0.664,NZDUSD=X,-1.575,^TNX,0.753,AIR.NZ
2019-09-18,-1.472,BZ=F,0.3,NZDUSD=X,-1.435,^TNX,0.935,AIR.NZ
2019-09-19,1.258,BZ=F,-0.643,NZDUSD=X,-0.672,^TNX,-0.741,AIR.NZ
2019-09-20,-0.186,BZ=F,-0.388,NZDUSD=X,-1.071,^TNX,0.746,AIR.NZ
2019-09-23,0.762,BZ=F,-0.465,NZDUSD=X,-2.678,^TNX,-0.556,AIR.NZ
2019-09-24,-2.578,BZ=F,0.486,NZDUSD=X,-4.274,^TNX,-0.186,AIR.NZ
2019-09-25,-1.125,BZ=F,0.327,NZDUSD=X,5.933,^TNX,2.612,AIR.NZ
2019-09-26,0.561,BZ=F,-0.703,NZDUSD=X,-2.714,^TNX,0.727,AIR.NZ
2019-09-27,-1.323,BZ=F,0.387,NZDUSD=X,-0.593,^TNX,0.361,AIR.NZ
2019-09-30,-1.825,BZ=F,-0.189,NZDUSD=X,0.0,^TNX,0.719,AIR.NZ
2019-10-01,-3.11,BZ=F,-0.383,NZDUSD=X,-1.851,^TNX,1.429,AIR.NZ
2019-10-02,-2.038,BZ=F,-0.29,NZDUSD=X,-2.92,^TNX,-1.232,AIR.NZ
2019-10-03,0.035,BZ=F,0.367,NZDUSD=X,-3.759,^TNX,-0.535,AIR.NZ
2019-10-04,1.144,BZ=F,0.589,NZDUSD=X,-1.367,^TNX,0.896,AIR.NZ
2019-10-07,-0.034,BZ=F,0.203,NZDUSD=X,2.508,^TNX,0.533,AIR.NZ
2019-10-08,-0.189,BZ=F,-0.396,NZDUSD=X,-1.03,^TNX,0.883,AIR.NZ
2019-10-09,0.137,BZ=F,0.11,NZDUSD=X,3.383,^TNX,-0.701,AIR.NZ
2019-10-10,1.337,BZ=F,-0.17,NZDUSD=X,4.342,^TNX,-0.176,AIR.NZ
2019-10-11,2.386,BZ=F,0.608,NZDUSD=X,5.669,^TNX,0.707,AIR.NZ
2019-10-14,-1.917,BZ=F,0.039,NZDUSD=X,-1.084,^TNX,1.754,AIR.NZ
2019-10-15,-1.028,BZ=F,-0.357,NZDUSD=X,2.193,^TNX,0.0,AIR.NZ
2019-10-16,1.158,BZ=F,-0.167,NZDUSD=X,-1.299,^TNX,-1.724,AIR.NZ
2019-10-17,0.825,BZ=F,-0.118,NZDUSD=X,0.515,^TNX,0.0,AIR.NZ
2019-10-18,-0.818,BZ=F,1.061,NZDUSD=X,-0.569,^TNX,1.053,AIR.NZ
2019-10-21,-0.774,BZ=F,0.491,NZDUSD=X,2.576,^TNX,-1.389,AIR.NZ
2019-10-22,1.255,BZ=F,0.407,NZDUSD=X,-1.339,^TNX,-0.528,AIR.NZ
2019-10-23,2.462,BZ=F,-0.003,NZDUSD=X,-0.509,^TNX,-0.708,AIR.NZ
2019-10-24,0.817,BZ=F,0.154,NZDUSD=X,0.398,^TNX,1.961,AIR.NZ
2019-10-25,0.568,BZ=F,-0.684,NZDUSD=X,1.982,^TNX,0.0,AIR.NZ
2019-10-28,-0.726,BZ=F,-0.3,NZDUSD=X,2.887,^TNX,,
2019-10-29,0.032,BZ=F,-0.076,NZDUSD=X,-0.971,^TNX,-1.049,AIR.NZ
2019-10-30,-1.591,BZ=F,-0.028,NZDUSD=X,-2.016,^TNX,-0.177,AIR.NZ
2019-10-31,-0.627,BZ=F,0.905,NZDUSD=X,-5.951,^TNX,0.0,AIR.NZ
2019-11-01,2.424,BZ=F,0.084,NZDUSD=X,2.188,^TNX,1.239,AIR.NZ
2019-11-04,0.713,BZ=F,0.313,NZDUSD=X,3.356,^TNX,0.0,AIR.NZ
2019-11-05,1.336,BZ=F,-0.51,NZDUSD=X,4.479,^TNX,1.049,AIR.NZ
2019-11-06,-1.938,BZ=F,-0.439,NZDUSD=X,-2.787,^TNX,-1.038,AIR.NZ
2019-11-07,0.891,BZ=F,-0.123,NZDUSD=X,6.174,^TNX,0.0,AIR.NZ
2019-11-08,0.353,BZ=F,0.23,NZDUSD=X,0.363,^TNX,0.0,AIR.NZ
2019-11-11,-0.528,BZ=F,-0.757,NZDUSD=X,0.517,^TNX,0.874,AIR.NZ
2019-11-12,-0.193,BZ=F,0.509,NZDUSD=X,-1.75,^TNX,-0.52,AIR.NZ
2019-11-13,0.5,BZ=F,-0.444,NZDUSD=X,-2.043,^TNX,-2.439,AIR.NZ
2019-11-14,-0.144,BZ=F,1.242,NZDUSD=X,-2.941,^TNX,0.0,AIR.NZ
2019-11-15,1.638,BZ=F,-0.523,NZDUSD=X,1.047,^TNX,-0.179,AIR.NZ
2019-11-18,-1.359,BZ=F,0.314,NZDUSD=X,-1.418,^TNX,-1.073,AIR.NZ
2019-11-19,-2.45,BZ=F,-0.072,NZDUSD=X,-1.217,^TNX,0.904,AIR.NZ
2019-11-20,2.446,BZ=F,0.534,NZDUSD=X,-2.688,^TNX,0.0,AIR.NZ
2019-11-21,2.516,BZ=F,-0.317,NZDUSD=X,1.956,^TNX,-1.075,AIR.NZ
2019-11-22,-0.907,BZ=F,-0.062,NZDUSD=X,0.113,^TNX,1.449,AIR.NZ
2019-11-25,0.41,BZ=F,0.036,NZDUSD=X,-0.564,^TNX,1.071,AIR.NZ
2019-11-26,0.974,BZ=F,0.09,NZDUSD=X,-1.361,^TNX,1.943,AIR.NZ
2019-11-27,-0.327,BZ=F,0.185,NZDUSD=X,1.552,^TNX,-1.56,AIR.NZ
2019-11-29,-2.544,BZ=F,0.11,NZDUSD=X,0.509,^TNX,0.0,AIR.NZ
2019-12-02,-2.419,BZ=F,0.187,NZDUSD=X,3.378,^TNX,0.177,AIR.NZ
2019-12-03,-0.164,BZ=F,1.037,NZDUSD=X,-6.917,^TNX,-0.176,AIR.NZ
2019-12-04,3.584,BZ=F,0.3,NZDUSD=X,4.213,^TNX,0.883,AIR.NZ
2019-12-05,0.619,BZ=F,0.489,NZDUSD=X,0.898,^TNX,-1.051,AIR.NZ
2019-12-06,1.578,BZ=F,-0.093,NZDUSD=X,2.504,^TNX,-0.531,AIR.NZ
2019-12-09,-0.217,BZ=F,0.23,NZDUSD=X,-0.706,^TNX,-0.534,AIR.NZ
2019-12-10,0.14,BZ=F,-0.158,NZDUSD=X,0.219,^TNX,-0.537,AIR.NZ
2019-12-11,-0.964,BZ=F,-0.058,NZDUSD=X,-2.346,^TNX,0.719,AIR.NZ
2019-12-12,0.753,BZ=F,0.547,NZDUSD=X,5.978,^TNX,0.0,AIR.NZ
2019-12-13,1.589,BZ=F,0.603,NZDUSD=X,-4.112,^TNX,1.429,AIR.NZ
2019-12-16,0.184,BZ=F,-0.42,NZDUSD=X,4.013,^TNX,-0.176,AIR.NZ
2019-12-17,1.163,BZ=F,0.014,NZDUSD=X,-0.159,^TNX,1.587,AIR.NZ
2019-12-18,0.106,BZ=F,-0.37,NZDUSD=X,1.853,^TNX,0.694,AIR.NZ
2019-12-19,0.559,BZ=F,0.233,NZDUSD=X,-0.832,^TNX,2.069,AIR.NZ
2019-12-20,-0.601,BZ=F,0.427,NZDUSD=X,0.472,^TNX,3.041,AIR.NZ
2019-12-23,0.378,BZ=F,-0.077,NZDUSD=X,0.939,^TNX,-1.639,AIR.NZ
2019-12-24,1.22,BZ=F,0.41,NZDUSD=X,-1.292,^TNX,1.333,AIR.NZ
2019-12-26,1.071,BZ=F,0.06,NZDUSD=X,-0.262,^TNX,,
2019-12-27,0.353,BZ=F,0.387,NZDUSD=X,-1.627,^TNX,-1.151,AIR.NZ
2019-12-30,0.411,BZ=F,0.505,NZDUSD=X,1.121,^TNX,-0.666,AIR.NZ
2019-12-31,-3.565,BZ=F,0.423,NZDUSD=X,1.266,^TNX,-1.843,AIR.NZ
2020-01-02,0.379,BZ=F,-0.716,NZDUSD=X,-1.928,^TNX,,
2020-01-03,3.547,BZ=F,-0.549,NZDUSD=X,-4.995,^TNX,4.096,AIR.NZ
2020-01-06,0.452,BZ=F,-0.67,NZDUSD=X,1.286,^TNX,-2.951,AIR.NZ
2020-01-07,-0.929,BZ=F,0.213,NZDUSD=X,0.883,^TNX,0.0,AIR.NZ
2020-01-08,-4.145,BZ=F,-0.574,NZDUSD=X,2.573,^TNX,-2.027,AIR.NZ
2020-01-09,-0.107,BZ=F,0.348,NZDUSD=X,-0.854,^TNX,2.069,AIR.NZ
2020-01-10,-0.597,BZ=F,-0.696,NZDUSD=X,-1.776,^TNX,1.351,AIR.NZ
2020-01-13,-1.2,BZ=F,0.449,NZDUSD=X,1.26,^TNX,0.167,AIR.NZ
2020-01-14,0.452,BZ=F,-0.164,NZDUSD=X,-1.623,^TNX,0.499,AIR.NZ
2020-01-15,-0.76,BZ=F,-0.258,NZDUSD=X,-1.65,^TNX,0.993,AIR.NZ
2020-01-16,0.969,BZ=F,0.144,NZDUSD=X,1.174,^TNX,-1.311,AIR.NZ
2020-01-17,0.356,BZ=F,0.287,NZDUSD=X,1.493,^TNX,0.332,AIR.NZ
2020-01-21,-0.401,BZ=F,-0.163,NZDUSD=X,-3.649,^TNX,-1.149,AIR.NZ
2020-01-22,-2.137,BZ=F,-0.206,NZDUSD=X,0.0,^TNX,-1.329,AIR.NZ
2020-01-23,-1.851,BZ=F,0.016,NZDUSD=X,-1.639,^TNX,0.673,AIR.NZ
2020-01-24,-2.176,BZ=F,0.278,NZDUSD=X,-3.391,^TNX,-0.334,AIR.NZ
2020-01-27,-2.257,BZ=F,-0.635,NZDUSD=X,-4.521,^TNX,-2.349,AIR.NZ
2020-01-28,0.32,BZ=F,-0.41,NZDUSD=X,2.243,^TNX,-1.546,AIR.NZ
2020-01-29,0.504,BZ=F,-0.087,NZDUSD=X,-2.864,^TNX,-1.92,AIR.NZ
2020-01-30,-2.541,BZ=F,-0.197,NZDUSD=X,-2.258,^TNX,-1.779,AIR.NZ
2020-01-31,-0.223,BZ=F,-0.64,NZDUSD=X,-2.439,^TNX,2.174,AIR.NZ
2020-02-03,-6.379,BZ=F,-0.4,NZDUSD=X,0.0,^TNX,-2.837,AIR.NZ
2020-02-04,-0.9,BZ=F,0.025,NZDUSD=X,5.461,^TNX,0.182,AIR.NZ
2020-02-05,2.446,BZ=F,0.506,NZDUSD=X,2.87,^TNX,0.0,AIR.NZ
2020-02-06,-0.633,BZ=F,-0.183,NZDUSD=X,-0.303,^TNX,,
2020-02-07,-0.837,BZ=F,-0.291,NZDUSD=X,-4.015,^TNX,2.004,AIR.NZ
2020-02-10,-2.203,BZ=F,-0.981,NZDUSD=X,-1.965,^TNX,0.0,AIR.NZ
2020-02-11,1.389,BZ=F,-0.172,NZDUSD=X,2.78,^TNX,1.071,AIR.NZ
2020-02-12,3.296,BZ=F,0.281,NZDUSD=X,2.516,^TNX,-0.353,AIR.NZ
2020-02-13,0.986,BZ=F,0.634,NZDUSD=X,-0.798,^TNX,0.0,AIR.NZ
2020-02-14,1.739,BZ=F,-0.062,NZDUSD=X,-1.793,^TNX,-2.482,AIR.NZ
2020-02-18,0.75,BZ=F,-0.118,NZDUSD=X,-2.015,^TNX,0.0,AIR.NZ
2020-02-19,2.372,BZ=F,-0.691,NZDUSD=X,0.9,^TNX,-2.518,AIR.NZ
2020-02-20,0.321,BZ=F,-0.073,NZDUSD=X,-2.866,^TNX,0.738,AIR.NZ
2020-02-21,-1.366,BZ=F,-0.897,NZDUSD=X,-3.541,^TNX,0.0,AIR.NZ
2020-02-24,-3.761,BZ=F,-0.145,NZDUSD=X,-6.39,^TNX,-5.494,AIR.NZ
2020-02-25,-2.398,BZ=F,0.332,NZDUSD=X,-3.413,^TNX,-4.264,AIR.NZ
2020-02-26,-2.766,BZ=F,-0.358,NZDUSD=X,-1.504,^TNX,-2.834,AIR.NZ
2020-02-27,-2.34,BZ=F,-0.55,NZDUSD=X,-0.84,^TNX,-1.25,AIR.NZ
2020-02-28,-3.181,BZ=F,0.396,NZDUSD=X,-13.241,^TNX,-4.219,AIR.NZ
2020-03-02,2.732,BZ=F,-1.304,NZDUSD=X,-3.461,^TNX,-7.93,AIR.NZ
2020-03-03,-0.077,BZ=F,0.581,NZDUSD=X,-7.169,^TNX,3.349,AIR.NZ
2020-03-04,-1.408,BZ=F,0.058,NZDUSD=X,-1.782,^TNX,-2.083,AIR.NZ
2020-03-05,-2.23,BZ=F,0.496,NZDUSD=X,-6.653,^TNX,3.073,AIR.NZ
2020-03-06,-9.442,BZ=F,0.203,NZDUSD=X,-23.758,^TNX,-5.505,AIR.NZ
2020-03-09,-24.1,BZ=F,0.258,NZDUSD=X,-29.32,^TNX,-5.34,AIR.NZ
2020-03-10,8.324,BZ=F,0.192,NZDUSD=X,49.9,^TNX,-2.308,AIR.NZ
2020-03-11,-3.842,BZ=F,-1.158,NZDUSD=X,9.626,^TNX,0.787,AIR.NZ
2020-03-12,-7.181,BZ=F,-0.061,NZDUSD=X,3.537,^TNX,-8.333,AIR.NZ
2020-03-13,1.896,BZ=F,-2.391,NZDUSD=X,12.014,^TNX,-12.5,AIR.NZ
2020-03-16,-11.226,BZ=F,-1.038,NZDUSD=X,-23.449,^TNX,0.0,AIR.NZ
2020-03-17,-4.393,BZ=F,-0.104,NZDUSD=X,36.951,^TNX,0.0,AIR.NZ
2020-03-18,-13.401,BZ=F,-1.578,NZDUSD=X,26.981,^TNX,0.0,AIR.NZ
2020-03-19,14.429,BZ=F,-3.675,NZDUSD=X,-11.611,^TNX,0.0,AIR.NZ
2020-03-20,-5.234,BZ=F,-0.802,NZDUSD=X,-16.175,^TNX,-35.714,AIR.NZ
2020-03-23,0.185,BZ=F,-1.032,NZDUSD=X,-18.55,^TNX,-19.192,AIR.NZ
2020-03-24,0.444,BZ=F,2.099,NZDUSD=X,6.806,^TNX,5.625,AIR.NZ
2020-03-25,0.884,BZ=F,1.489,NZDUSD=X,5.147,^TNX,2.959,AIR.NZ
2020-03-26,-3.834,BZ=F,-0.3,NZDUSD=X,-5.478,^TNX,2.299,AIR.NZ
2020-03-27,-5.353,BZ=F,2.87,NZDUSD=X,-7.645,^TNX,1.124,AIR.NZ
2020-03-30,-8.704,BZ=F,1.326,NZDUSD=X,-10.547,^TNX,0.0,AIR.NZ
2020-03-31,-0.088,BZ=F,-0.801,NZDUSD=X,4.179,^TNX,-5.555,AIR.NZ
2020-04-01,8.795,BZ=F,-0.972,NZDUSD=X,-9.026,^TNX,3.529,AIR.NZ
2020-04-02,21.019,BZ=F,-0.243,NZDUSD=X,-1.26,^TNX,0.0,AIR.NZ
2020-04-03,13.928,BZ=F,-0.379,NZDUSD=X,-6.38,^TNX,-2.273,AIR.NZ
2020-04-06,-3.108,BZ=F,-1.021,NZDUSD=X,15.162,^TNX,-2.326,AIR.NZ
2020-04-07,-3.57,BZ=F,1.65,NZDUSD=X,8.876,^TNX,1.191,AIR.NZ
2020-04-08,3.044,BZ=F,0.208,NZDUSD=X,3.804,^TNX,-1.765,AIR.NZ
2020-04-09,-4.141,BZ=F,0.901,NZDUSD=X,-4.581,^TNX,7.784,AIR.NZ
2020-04-13,0.826,BZ=F,-0.03,NZDUSD=X,2.743,^TNX,,
2020-04-14,-6.742,BZ=F,0.449,NZDUSD=X,0.401,^TNX,15.556,AIR.NZ
2020-04-15,-6.453,BZ=F,-0.025,NZDUSD=X,-15.16,^TNX,13.461,AIR.NZ
2020-04-16,0.469,BZ=F,-1.724,NZDUSD=X,-4.545,^TNX,11.441,AIR.NZ
2020-04-17,0.935,BZ=F,0.045,NZDUSD=X,7.389,^TNX,-0.38,AIR.NZ
2020-04-20,-8.939,BZ=F,0.28,NZDUSD=X,-4.281,^TNX,6.107,AIR.NZ
2020-04-21,-24.404,BZ=F,0.492,NZDUSD=X,-8.786,^TNX,-2.158,AIR.NZ
2020-04-22,5.38,BZ=F,-1.34,NZDUSD=X,8.406,^TNX,-6.25,AIR.NZ
2020-04-23,4.713,BZ=F,-0.669,NZDUSD=X,-0.969,^TNX,0.392,AIR.NZ
2020-04-24,0.516,BZ=F,1.376,NZDUSD=X,-2.773,^TNX,-5.859,AIR.NZ
2020-04-27,-6.763,BZ=F,0.266,NZDUSD=X,10.067,^TNX,,
2020-04-28,2.351,BZ=F,0.048,NZDUSD=X,-7.012,^TNX,4.149,AIR.NZ
2020-04-29,10.166,BZ=F,0.888,NZDUSD=X,2.787,^TNX,3.984,AIR.NZ
2020-04-30,12.112,BZ=F,1.051,NZDUSD=X,-0.797,^TNX,3.065,AIR.NZ
2020-05-01,4.63,BZ=F,-0.354,NZDUSD=X,3.215,^TNX,-4.461,AIR.NZ
2020-05-04,2.874,BZ=F,-1.697,NZDUSD=X,-0.779,^TNX,-1.167,AIR.NZ
2020-05-05,13.86,BZ=F,0.563,NZDUSD=X,3.14,^TNX,-1.575,AIR.NZ
2020-05-06,-4.036,BZ=F,0.046,NZDUSD=X,8.219,^TNX,0.4,AIR.NZ
2020-05-07,-0.875,BZ=F,-0.762,NZDUSD=X,-11.252,^TNX,-1.594,AIR.NZ
2020-05-08,5.126,BZ=F,1.477,NZDUSD=X,8.082,^TNX,-0.405,AIR.NZ
2020-05-11,-4.327,BZ=F,0.779,NZDUSD=X,6.452,^TNX,3.252,AIR.NZ
2020-05-12,1.181,BZ=F,-1.066,NZDUSD=X,-6.612,^TNX,-3.543,AIR.NZ
2020-05-13,-2.635,BZ=F,-0.127,NZDUSD=X,-4.277,^TNX,-0.408,AIR.NZ
2020-05-14,6.646,BZ=F,-1.168,NZDUSD=X,-4.622,^TNX,2.049,AIR.NZ
2020-05-15,4.401,BZ=F,0.232,NZDUSD=X,3.393,^TNX,-2.008,AIR.NZ
2020-05-18,7.108,BZ=F,-1.269,NZDUSD=X,16.25,^TNX,1.639,AIR.NZ
2020-05-19,-0.46,BZ=F,1.75,NZDUSD=X,-4.435,^TNX,0.403,AIR.NZ
2020-05-20,3.175,BZ=F,0.76,NZDUSD=X,-4.36,^TNX,1.205,AIR.NZ
2020-05-21,0.867,BZ=F,1.012,NZDUSD=X,-0.441,^TNX,-0.397,AIR.NZ
2020-05-22,-2.579,BZ=F,-0.402,NZDUSD=X,-2.954,^TNX,-0.797,AIR.NZ
2020-05-26,2.96,BZ=F,0.026,NZDUSD=X,6.24,^TNX,5.179,AIR.NZ
2020-05-27,-3.954,BZ=F,1.503,NZDUSD=X,-2.579,^TNX,4.167,AIR.NZ
2020-05-28,1.583,BZ=F,-0.178,NZDUSD=X,3.676,^TNX,0.727,AIR.NZ
2020-05-29,0.113,BZ=F,0.2,NZDUSD=X,-8.085,^TNX,-1.083,AIR.NZ
2020-06-01,8.463,BZ=F,-0.012,NZDUSD=X,2.16,^TNX,,
2020-06-02,3.262,BZ=F,1.336,NZDUSD=X,2.719,^TNX,2.19,AIR.NZ
2020-06-03,0.556,BZ=F,1.651,NZDUSD=X,11.912,^TNX,3.571,AIR.NZ
2020-06-04,0.503,BZ=F,0.672,NZDUSD=X,7.753,^TNX,4.138,AIR.NZ
2020-06-05,5.776,BZ=F,0.551,NZDUSD=X,10.244,^TNX,8.609,AIR.NZ
2020-06-08,-3.546,BZ=F,1.142,NZDUSD=X,-2.212,^TNX,9.146,AIR.NZ
2020-06-09,0.931,BZ=F,0.457,NZDUSD=X,-6.222,^TNX,8.38,AIR.NZ
2020-06-10,1.336,BZ=F,-1.069,NZDUSD=X,-9.771,^TNX,-4.124,AIR.NZ
2020-06-11,-7.62,BZ=F,0.204,NZDUSD=X,-12.701,^TNX,-10.753,AIR.NZ
2020-06-12,0.467,BZ=F,-1.499,NZDUSD=X,7.044,^TNX,-2.41,AIR.NZ
2020-06-15,2.556,BZ=F,0.065,NZDUSD=X,0.429,^TNX,-2.469,AIR.NZ
2020-06-16,3.122,BZ=F,1.278,NZDUSD=X,7.692,^TNX,3.165,AIR.NZ
2020-06-17,-0.61,BZ=F,-0.6,NZDUSD=X,-3.042,^TNX,1.534,AIR.NZ
2020-06-18,1.965,BZ=F,-0.214,NZDUSD=X,-5.321,^TNX,-5.74,AIR.NZ
2020-06-19,1.638,BZ=F,-0.264,NZDUSD=X,0.432,^TNX,-3.205,AIR.NZ
2020-06-22,2.11,BZ=F,-0.426,NZDUSD=X,1.004,^TNX,-2.318,AIR.NZ
2020-06-23,-1.045,BZ=F,1.468,NZDUSD=X,0.71,^TNX,-2.034,AIR.NZ
2020-06-24,-5.442,BZ=F,0.066,NZDUSD=X,-3.526,^TNX,-3.114,AIR.NZ
2020-06-25,1.836,BZ=F,-1.481,NZDUSD=X,-1.462,^TNX,-7.857,AIR.NZ
2020-06-26,-0.073,BZ=F,0.418,NZDUSD=X,-5.638,^TNX,0.0,AIR.NZ
2020-06-29,1.682,BZ=F,-0.177,NZDUSD=X,0.0,^TNX,-2.326,AIR.NZ
2020-06-30,-1.343,BZ=F,0.125,NZDUSD=X,2.673,^TNX,4.762,AIR.NZ
2020-07-01,2.139,BZ=F,0.369,NZDUSD=X,4.441,^TNX,2.652,AIR.NZ
2020-07-02,2.641,BZ=F,0.435,NZDUSD=X,-1.906,^TNX,8.487,AIR.NZ
2020-07-06,-0.093,BZ=F,0.449,NZDUSD=X,2.242,^TNX,-0.342,AIR.NZ
2020-07-07,-0.046,BZ=F,0.314,NZDUSD=X,-4.971,^TNX,-2.406,AIR.NZ
2020-07-08,0.487,BZ=F,-0.145,NZDUSD=X,0.462,^TNX,-3.873,AIR.NZ
2020-07-09,-2.171,BZ=F,0.376,NZDUSD=X,-7.351,^TNX,0.366,AIR.NZ
2020-07-10,2.102,BZ=F,-0.07,NZDUSD=X,4.628,^TNX,-2.555,AIR.NZ
2020-07-13,-1.203,BZ=F,0.085,NZDUSD=X,1.106,^TNX,-1.873,AIR.NZ
2020-07-14,0.421,BZ=F,-0.557,NZDUSD=X,-3.906,^TNX,-1.527,AIR.NZ
2020-07-15,2.075,BZ=F,0.08,NZDUSD=X,2.439,^TNX,1.163,AIR.NZ
2020-07-16,-0.959,BZ=F,0.449,NZDUSD=X,-2.857,^TNX,2.682,AIR.NZ
2020-07-17,-0.53,BZ=F,-0.47,NZDUSD=X,2.614,^TNX,-2.985,AIR.NZ
2020-07-20,0.325,BZ=F,0.312,NZDUSD=X,-1.274,^TNX,-0.385,AIR.NZ
2020-07-21,2.403,BZ=F,0.288,NZDUSD=X,-2.097,^TNX,2.703,AIR.NZ
2020-07-22,-0.068,BZ=F,0.995,NZDUSD=X,-1.977,^TNX,-0.752,AIR.NZ
2020-07-23,-2.213,BZ=F,0.158,NZDUSD=X,-2.185,^TNX,0.758,AIR.NZ
2020-07-24,0.069,BZ=F,-0.327,NZDUSD=X,1.203,^TNX,-0.376,AIR.NZ
2020-07-27,0.162,BZ=F,0.137,NZDUSD=X,3.396,^TNX,-1.132,AIR.NZ
2020-07-28,-0.438,BZ=F,0.657,NZDUSD=X,-4.598,^TNX,0.763,AIR.NZ
2020-07-29,1.226,BZ=F,-0.415,NZDUSD=X,-0.344,^TNX,0.379,AIR.NZ
2020-07-30,-1.851,BZ=F,-0.06,NZDUSD=X,-6.563,^TNX,0.377,AIR.NZ
2020-07-31,0.838,BZ=F,0.605,NZDUSD=X,-0.924,^TNX,0.752,AIR.NZ
2020-08-03,1.963,BZ=F,-0.893,NZDUSD=X,5.037,^TNX,-1.493,AIR.NZ
2020-08-04,0.634,BZ=F,-0.327,NZDUSD=X,-8.526,^TNX,0.758,AIR.NZ
2020-08-05,1.666,BZ=F,0.455,NZDUSD=X,5.437,^TNX,0.0,AIR.NZ
2020-08-06,-0.177,BZ=F,0.041,NZDUSD=X,-1.289,^TNX,0.376,AIR.NZ
2020-08-07,-1.53,BZ=F,0.546,NZDUSD=X,4.851,^TNX,-0.749,AIR.NZ
2020-08-10,1.329,BZ=F,-1.248,NZDUSD=X,2.135,^TNX,1.132,AIR.NZ
2020-08-11,-1.089,BZ=F,-0.115,NZDUSD=X,14.634,^TNX,2.612,AIR.NZ
2020-08-12,2.09,BZ=F,-0.365,NZDUSD=X,1.824,^TNX,-3.636,AIR.NZ
2020-08-13,-1.035,BZ=F,0.108,NZDUSD=X,6.866,^TNX,0.0,AIR.NZ
2020-08-14,-0.356,BZ=F,-0.444,NZDUSD=X,-0.978,^TNX,-1.509,AIR.NZ
2020-08-17,1.272,BZ=F,-0.053,NZDUSD=X,-3.667,^TNX,1.916,AIR.NZ
2020-08-18,0.198,BZ=F,0.166,NZDUSD=X,-2.05,^TNX,0.376,AIR.NZ
2020-08-19,-0.198,BZ=F,0.849,NZDUSD=X,0.897,^TNX,0.749,AIR.NZ
2020-08-20,-1.036,BZ=F,-0.738,NZDUSD=X,-4.593,^TNX,-1.115,AIR.NZ
2020-08-21,-1.225,BZ=F,-0.297,NZDUSD=X,-0.621,^TNX,3.008,AIR.NZ
2020-08-24,1.759,BZ=F,-0.05,NZDUSD=X,0.938,^TNX,1.095,AIR.NZ
2020-08-25,1.618,BZ=F,-0.135,NZDUSD=X,5.573,^TNX,2.527,AIR.NZ
2020-08-26,-0.48,BZ=F,0.352,NZDUSD=X,0.733,^TNX,-0.704,AIR.NZ
2020-08-27,-1.205,BZ=F,1.227,NZDUSD=X,8.588,^TNX,0.355,AIR.NZ
2020-08-28,-0.089,BZ=F,0.179,NZDUSD=X,-2.279,^TNX,-2.474,AIR.NZ
2020-08-31,0.511,BZ=F,1.505,NZDUSD=X,-4.938,^TNX,1.449,AIR.NZ
2020-09-01,0.663,BZ=F,-0.189,NZDUSD=X,-3.03,^TNX,-2.857,AIR.NZ
2020-09-02,-2.523,BZ=F,0.535,NZDUSD=X,-3.125,^TNX,0.735,AIR.NZ
2020-09-03,-0.81,BZ=F,-0.016,NZDUSD=X,-4.455,^TNX,-1.095,AIR.NZ
2020-09-04,-3.199,BZ=F,-1.158,NZDUSD=X,15.916,^TNX,-1.107,AIR.NZ
2020-09-08,-6.751,BZ=F,-0.326,NZDUSD=X,-5.132,^TNX,0.373,AIR.NZ
2020-09-09,2.539,BZ=F,-1.172,NZDUSD=X,2.778,^TNX,-0.372,AIR.NZ
2020-09-10,-1.79,BZ=F,1.05,NZDUSD=X,-2.56,^TNX,-1.493,AIR.NZ
2020-09-11,-0.574,BZ=F,-0.525,NZDUSD=X,-2.336,^TNX,0.758,AIR.NZ
2020-09-14,-0.552,BZ=F,0.576,NZDUSD=X,0.299,^TNX,1.128,AIR.NZ
2020-09-15,2.323,BZ=F,0.216,NZDUSD=X,1.192,^TNX,0.744,AIR.NZ
2020-09-16,4.17,BZ=F,0.167,NZDUSD=X,1.178,^TNX,0.0,AIR.NZ
2020-09-17,2.558,BZ=F,0.161,NZDUSD=X,-0.437,^TNX,0.369,AIR.NZ
2020-09-18,-0.346,BZ=F,0.61,NZDUSD=X,1.462,^TNX,-2.206,AIR.NZ
2020-09-21,-3.963,BZ=F,-0.055,NZDUSD=X,-3.314,^TNX,-1.504,AIR.NZ
2020-09-22,0.676,BZ=F,-1.376,NZDUSD=X,-1.043,^TNX,0.382,AIR.NZ
2020-09-23,0.12,BZ=F,-0.504,NZDUSD=X,1.807,^TNX,0.0,AIR.NZ
2020-09-24,0.407,BZ=F,-1.315,NZDUSD=X,-1.479,^TNX,0.0,AIR.NZ
2020-09-25,-0.048,BZ=F,0.072,NZDUSD=X,-1.051,^TNX,0.0,AIR.NZ
2020-09-28,1.217,BZ=F,0.029,NZDUSD=X,0.607,^TNX,3.802,AIR.NZ
2020-09-29,-3.3,BZ=F,0.248,NZDUSD=X,-2.715,^TNX,1.099,AIR.NZ
2020-09-30,-0.195,BZ=F,0.501,NZDUSD=X,4.961,^TNX,-0.725,AIR.NZ
2020-10-01,-0.049,BZ=F,0.331,NZDUSD=X,0.0,^TNX,1.46,AIR.NZ
2020-10-02,-4.056,BZ=F,0.432,NZDUSD=X,2.806,^TNX,7.194,AIR.NZ
2020-10-05,5.144,BZ=F,-0.175,NZDUSD=X,9.483,^TNX,1.007,AIR.NZ
2020-10-06,3.294,BZ=F,0.211,NZDUSD=X,-2.625,^TNX,3.655,AIR.NZ
2020-10-07,-1.547,BZ=F,-0.959,NZDUSD=X,5.795,^TNX,-1.282,AIR.NZ
2020-10-08,3.215,BZ=F,-0.241,NZDUSD=X,-2.548,^TNX,0.0,AIR.NZ
2020-10-09,-1.131,BZ=F,0.233,NZDUSD=X,1.307,^TNX,-0.325,AIR.NZ
2020-10-12,-2.637,BZ=F,1.138,NZDUSD=X,0.258,^TNX,-0.652,AIR.NZ
2020-10-13,1.75,BZ=F,-0.227,NZDUSD=X,-6.435,^TNX,0.328,AIR.NZ
2020-10-14,2.049,BZ=F,0.092,NZDUSD=X,-0.688,^TNX,-1.307,AIR.NZ
2020-10-15,-0.369,BZ=F,0.012,NZDUSD=X,1.247,^TNX,0.0,AIR.NZ
2020-10-16,-0.533,BZ=F,-0.86,NZDUSD=X,1.778,^TNX,-0.662,AIR.NZ
2020-10-19,-0.722,BZ=F,0.286,NZDUSD=X,2.285,^TNX,0.333,AIR.NZ
2020-10-20,1.267,BZ=F,-0.373,NZDUSD=X,4.731,^TNX,0.332,AIR.NZ
2020-10-21,-3.313,BZ=F,-0.186,NZDUSD=X,2.384,^TNX,0.0,AIR.NZ
2020-10-22,1.749,BZ=F,0.994,NZDUSD=X,3.922,^TNX,0.0,AIR.NZ
2020-10-23,-1.625,BZ=F,0.382,NZDUSD=X,-0.825,^TNX,1.325,AIR.NZ
2020-10-26,-3.136,BZ=F,0.192,NZDUSD=X,-4.756,^TNX,,
2020-10-27,1.829,BZ=F,-0.096,NZDUSD=X,-2.871,^TNX,-2.614,AIR.NZ
2020-10-28,-5.049,BZ=F,0.341,NZDUSD=X,0.386,^TNX,-2.013,AIR.NZ
2020-10-29,-3.758,BZ=F,-0.763,NZDUSD=X,6.914,^TNX,-3.425,AIR.NZ
2020-10-30,-0.505,BZ=F,-0.3,NZDUSD=X,2.994,^TNX,0.709,AIR.NZ
2020-11-02,4.031,BZ=F,-0.471,NZDUSD=X,-1.279,^TNX,-2.113,AIR.NZ
2020-11-03,1.899,BZ=F,0.514,NZDUSD=X,3.887,^TNX,1.799,AIR.NZ
2020-11-04,3.828,BZ=F,1.457,NZDUSD=X,-12.925,^TNX,1.767,AIR.NZ
2020-11-05,-0.728,BZ=F,-0.43,NZDUSD=X,1.042,^TNX,0.0,AIR.NZ
2020-11-06,-3.616,BZ=F,0.967,NZDUSD=X,5.67,^TNX,1.389,AIR.NZ
2020-11-09,7.478,BZ=F,0.482,NZDUSD=X,16.829,^TNX,2.74,AIR.NZ
2020-11-10,2.854,BZ=F,0.407,NZDUSD=X,1.461,^TNX,8.0,AIR.NZ
2020-11-11,0.436,BZ=F,0.044,NZDUSD=X,-1.44,^TNX,1.543,AIR.NZ
2020-11-12,-0.616,BZ=F,1.088,NZDUSD=X,-7.62,^TNX,-2.736,AIR.NZ
2020-11-13,-1.723,BZ=F,-0.92,NZDUSD=X,0.904,^TNX,-0.313,AIR.NZ
2020-11-16,2.431,BZ=F,0.475,NZDUSD=X,1.456,^TNX,3.135,AIR.NZ
2020-11-17,-0.16,BZ=F,0.533,NZDUSD=X,-3.753,^TNX,2.736,AIR.NZ
2020-11-18,1.349,BZ=F,-0.218,NZDUSD=X,1.147,^TNX,-1.183,AIR.NZ
2020-11-19,-0.316,BZ=F,0.422,NZDUSD=X,-3.175,^TNX,0.599,AIR.NZ
2020-11-20,1.719,BZ=F,-0.224,NZDUSD=X,-2.927,^TNX,1.488,AIR.NZ
2020-11-23,2.447,BZ=F,0.584,NZDUSD=X,3.378,^TNX,2.639,AIR.NZ
2020-11-24,3.908,BZ=F,-0.227,NZDUSD=X,2.917,^TNX,5.429,AIR.NZ
2020-11-25,1.567,BZ=F,0.692,NZDUSD=X,-0.454,^TNX,2.439,AIR.NZ
2020-11-27,-0.885,BZ=F,-0.01,NZDUSD=X,-4.1,^TNX,2.762,AIR.NZ
2020-11-30,-1.225,BZ=F,0.452,NZDUSD=X,0.238,^TNX,-2.151,AIR.NZ
2020-12-01,-0.357,BZ=F,-0.23,NZDUSD=X,10.664,^TNX,0.55,AIR.NZ
2020-12-02,1.75,BZ=F,0.729,NZDUSD=X,1.499,^TNX,1.639,AIR.NZ
2020-12-03,0.953,BZ=F,0.021,NZDUSD=X,-2.954,^TNX,0.806,AIR.NZ
2020-12-04,1.109,BZ=F,0.027,NZDUSD=X,5.326,^TNX,1.333,AIR.NZ
2020-12-07,-0.934,BZ=F,-0.452,NZDUSD=X,-4.231,^TNX,1.053,AIR.NZ
2020-12-08,0.102,BZ=F,-0.013,NZDUSD=X,-1.616,^TNX,-0.521,AIR.NZ
2020-12-09,0.041,BZ=F,0.003,NZDUSD=X,3.067,^TNX,-1.309,AIR.NZ
2020-12-10,2.845,BZ=F,-0.345,NZDUSD=X,-3.507,^TNX,-1.857,AIR.NZ
2020-12-11,-0.557,BZ=F,1.106,NZDUSD=X,-1.652,^TNX,2.703,AIR.NZ
2020-12-14,0.64,BZ=F,0.063,NZDUSD=X,-0.112,^TNX,-0.526,AIR.NZ
2020-12-15,0.935,BZ=F,-0.179,NZDUSD=X,3.475,^TNX,-1.323,AIR.NZ
2020-12-16,0.63,BZ=F,0.014,NZDUSD=X,-0.325,^TNX,0.536,AIR.NZ
2020-12-17,0.822,BZ=F,0.333,NZDUSD=X,1.087,^TNX,-0.533,AIR.NZ
2020-12-18,1.476,BZ=F,0.528,NZDUSD=X,1.935,^TNX,-3.485,AIR.NZ
2020-12-21,-2.583,BZ=F,-0.602,NZDUSD=X,-0.738,^TNX,-1.667,AIR.NZ
2020-12-22,-1.63,BZ=F,-0.116,NZDUSD=X,-2.444,^TNX,-3.107,AIR.NZ
2020-12-23,2.236,BZ=F,-0.598,NZDUSD=X,4.031,^TNX,2.624,AIR.NZ
2020-12-24,0.176,BZ=F,0.603,NZDUSD=X,-2.827,^TNX,1.421,AIR.NZ
2020-12-28,-0.838,BZ=F,-0.307,NZDUSD=X,0.539,^TNX,,
2020-12-29,0.452,BZ=F,-0.107,NZDUSD=X,0.214,^TNX,2.801,AIR.NZ
2020-12-30,0.489,BZ=F,0.571,NZDUSD=X,-0.963,^TNX,-0.272,AIR.NZ
2020-12-31,0.896,BZ=F,0.934,NZDUSD=X,-0.972,^TNX,-1.639,AIR.NZ
2021-01-04,-1.371,BZ=F,0.228,NZDUSD=X,0.0,^TNX,,
2021-01-05,4.913,BZ=F,-0.279,NZDUSD=X,4.144,^TNX,-1.667,AIR.NZ
2021-01-06,1.306,BZ=F,1.095,NZDUSD=X,9.11,^TNX,0.565,AIR.NZ
2021-01-07,0.147,BZ=F,0.674,NZDUSD=X,2.783,^TNX,-0.562,AIR.NZ
2021-01-08,2.961,BZ=F,-0.551,NZDUSD=X,3.175,^TNX,0.0,AIR.NZ
2021-01-11,-0.589,BZ=F,-0.911,NZDUSD=X,2.443,^TNX,-1.13,AIR.NZ
2021-01-12,1.653,BZ=F,-0.352,NZDUSD=X,0.53,^TNX,-0.571,AIR.NZ
2021-01-13,-0.919,BZ=F,0.771,NZDUSD=X,-4.394,^TNX,-1.149,AIR.NZ
2021-01-14,0.642,BZ=F,-0.539,NZDUSD=X,3.768,^TNX,-0.872,AIR.NZ
2021-01-15,-2.34,BZ=F,0.381,NZDUSD=X,-2.834,^TNX,1.759,AIR.NZ
2021-01-19,1.452,BZ=F,-0.094,NZDUSD=X,-0.456,^TNX,-1.462,AIR.NZ
2021-01-20,0.322,BZ=F,0.182,NZDUSD=X,-0.183,^TNX,-0.89,AIR.NZ
2021-01-21,0.036,BZ=F,0.808,NZDUSD=X,1.743,^TNX,0.299,AIR.NZ
2021-01-22,-1.23,BZ=F,0.412,NZDUSD=X,-1.623,^TNX,2.09,AIR.NZ
2021-01-25,0.848,BZ=F,-0.448,NZDUSD=X,-4.675,^TNX,-3.509,AIR.NZ
2021-01-26,0.054,BZ=F,0.226,NZDUSD=X,0.0,^TNX,-1.212,AIR.NZ
2021-01-27,-0.179,BZ=F,0.514,NZDUSD=X,-2.5,^TNX,-0.613,AIR.NZ
2021-01-28,-0.502,BZ=F,-1.302,NZDUSD=X,4.241,^TNX,-1.852,AIR.NZ
2021-01-29,0.63,BZ=F,0.444,NZDUSD=X,3.406,^TNX,0.0,AIR.NZ
2021-02-01,0.841,BZ=F,-0.154,NZDUSD=X,-1.464,^TNX,2.516,AIR.NZ
2021-02-02,1.97,BZ=F,0.029,NZDUSD=X,2.6,^TNX,-0.307,AIR.NZ
2021-02-03,1.74,BZ=F,0.435,NZDUSD=X,2.353,^TNX,0.923,AIR.NZ
2021-02-04,0.65,BZ=F,0.32,NZDUSD=X,0.707,^TNX,-1.829,AIR.NZ
2021-02-05,0.85,BZ=F,-0.823,NZDUSD=X,2.722,^TNX,1.242,AIR.NZ
2021-02-08,2.056,BZ=F,0.717,NZDUSD=X,-0.855,^TNX,,
2021-02-09,0.875,BZ=F,0.209,NZDUSD=X,-0.259,^TNX,-0.307,AIR.NZ
2021-02-10,0.622,BZ=F,0.237,NZDUSD=X,-2.074,^TNX,-1.231,AIR.NZ
2021-02-11,-0.537,BZ=F,-0.353,NZDUSD=X,2.207,^TNX,-1.558,AIR.NZ
2021-02-12,2.11,BZ=F,0.18,NZDUSD=X,3.627,^TNX,-0.949,AIR.NZ
2021-02-16,1.474,BZ=F,0.195,NZDUSD=X,8.25,^TNX,2.564,AIR.NZ
2021-02-17,1.563,BZ=F,-0.604,NZDUSD=X,0.154,^TNX,0.0,AIR.NZ
2021-02-18,-0.637,BZ=F,0.057,NZDUSD=X,-1.076,^TNX,-3.125,AIR.NZ
2021-02-19,-1.595,BZ=F,0.344,NZDUSD=X,4.507,^TNX,-1.935,AIR.NZ
2021-02-22,3.704,BZ=F,1.302,NZDUSD=X,1.859,^TNX,2.303,AIR.NZ
2021-02-23,0.199,BZ=F,0.234,NZDUSD=X,-0.584,^TNX,2.572,AIR.NZ
2021-02-24,2.555,BZ=F,0.121,NZDUSD=X,1.982,^TNX,-1.254,AIR.NZ
2021-02-25,-0.239,BZ=F,1.452,NZDUSD=X,9.287,^TNX,1.27,AIR.NZ
2021-02-26,-1.121,BZ=F,-1.072,NZDUSD=X,-3.821,^TNX,-0.313,AIR.NZ
2021-03-01,-3.69,BZ=F,-1.28,NZDUSD=X,-0.959,^TNX,0.314,AIR.NZ
2021-03-02,-1.554,BZ=F,0.041,NZDUSD=X,-2.144,^TNX,-1.254,AIR.NZ
2021-03-03,2.185,BZ=F,0.258,NZDUSD=X,3.887,^TNX,0.318,AIR.NZ
2021-03-04,4.167,BZ=F,-0.837,NZDUSD=X,5.442,^TNX,0.0,AIR.NZ
2021-03-05,3.926,BZ=F,-0.742,NZDUSD=X,0.258,^TNX,-0.317,AIR.NZ
2021-03-08,-1.615,BZ=F,0.004,NZDUSD=X,2.703,^TNX,0.318,AIR.NZ
2021-03-09,-1.055,BZ=F,-0.641,NZDUSD=X,-3.133,^TNX,0.633,AIR.NZ
2021-03-10,0.563,BZ=F,0.658,NZDUSD=X,-1.682,^TNX,3.459,AIR.NZ
2021-03-11,2.548,BZ=F,0.175,NZDUSD=X,0.461,^TNX,3.344,AIR.NZ
2021-03-12,-0.589,BZ=F,0.491,NZDUSD=X,7.073,^TNX,4.118,AIR.NZ
2021-03-15,-0.491,BZ=F,-0.556,NZDUSD=X,-1.713,^TNX,0.0,AIR.NZ
2021-03-16,-0.711,BZ=F,0.225,NZDUSD=X,0.871,^TNX,1.695,AIR.NZ
2021-03-17,-0.57,BZ=F,-0.146,NZDUSD=X,1.234,^TNX,0.0,AIR.NZ
2021-03-18,-6.941,BZ=F,0.809,NZDUSD=X,5.424,^TNX,0.556,AIR.NZ
2021-03-19,1.975,BZ=F,-1.146,NZDUSD=X,0.116,^TNX,1.657,AIR.NZ
2021-03-22,0.139,BZ=F,-0.225,NZDUSD=X,-2.771,^TNX,-2.174,AIR.NZ
2021-03-23,-5.927,BZ=F,-0.263,NZDUSD=X,-2.732,^TNX,-1.667,AIR.NZ
2021-03-24,5.955,BZ=F,-2.004,NZDUSD=X,-1.465,^TNX,-1.13,AIR.NZ
2021-03-25,-3.819,BZ=F,-0.296,NZDUSD=X,0.0,^TNX,2.286,AIR.NZ
2021-03-26,4.229,BZ=F,-0.024,NZDUSD=X,2.85,^TNX,-1.397,AIR.NZ
2021-03-29,0.635,BZ=F,0.377,NZDUSD=X,3.675,^TNX,-2.55,AIR.NZ
2021-03-30,-1.293,BZ=F,0.224,NZDUSD=X,0.291,^TNX,-2.325,AIR.NZ
2021-03-31,-0.935,BZ=F,-0.247,NZDUSD=X,1.159,^TNX,1.786,AIR.NZ
2021-04-01,2.077,BZ=F,-0.126,NZDUSD=X,-3.837,^TNX,0.877,AIR.NZ
2021-04-05,-4.178,BZ=F,0.087,NZDUSD=X,2.442,^TNX,,
2021-04-06,0.949,BZ=F,0.506,NZDUSD=X,-3.721,^TNX,5.797,AIR.NZ
2021-04-07,0.669,BZ=F,-0.042,NZDUSD=X,-0.181,^TNX,-0.822,AIR.NZ
2021-04-08,0.063,BZ=F,-0.712,NZDUSD=X,-1.27,^TNX,0.0,AIR.NZ
2021-04-09,-0.396,BZ=F,0.686,NZDUSD=X,2.083,^TNX,1.105,AIR.NZ
2021-04-12,0.524,BZ=F,-0.307,NZDUSD=X,0.54,^TNX,-0.82,AIR.NZ
2021-04-13,0.616,BZ=F,-0.105,NZDUSD=X,-3.104,^TNX,-0.826,AIR.NZ
2021-04-14,4.57,BZ=F,0.41,NZDUSD=X,0.924,^TNX,-1.111,AIR.NZ
2021-04-15,0.541,BZ=F,1.116,NZDUSD=X,-6.593,^TNX,-0.843,AIR.NZ
2021-04-16,-0.254,BZ=F,0.5,NZDUSD=X,2.81,^TNX,0.85,AIR.NZ
2021-04-19,0.419,BZ=F,-0.676,NZDUSD=X,1.78,^TNX,1.124,AIR.NZ
2021-04-20,-0.716,BZ=F,0.894,NZDUSD=X,-2.436,^TNX,-2.222,AIR.NZ
2021-04-21,-1.878,BZ=F,-0.353,NZDUSD=X,0.128,^TNX,-1.136,AIR.NZ
2021-04-22,0.122,BZ=F,0.543,NZDUSD=X,-0.639,^TNX,-2.011,AIR.NZ
2021-04-23,1.086,BZ=F,-0.695,NZDUSD=X,0.837,^TNX,0.88,AIR.NZ
2021-04-26,-0.696,BZ=F,0.523,NZDUSD=X,0.191,^TNX,,
2021-04-27,1.173,BZ=F,0.534,NZDUSD=X,3.312,^TNX,-1.163,AIR.NZ
2021-04-28,1.28,BZ=F,-0.358,NZDUSD=X,-0.123,^TNX,1.176,AIR.NZ
2021-04-29,1.918,BZ=F,0.955,NZDUSD=X,1.235,^TNX,-0.291,AIR.NZ
2021-04-30,-1.911,BZ=F,-0.352,NZDUSD=X,-0.549,^TNX,1.458,AIR.NZ
2021-05-03,0.461,BZ=F,-1.069,NZDUSD=X,-1.471,^TNX,-1.724,AIR.NZ
2021-05-04,1.954,BZ=F,0.393,NZDUSD=X,-0.933,^TNX,0.0,AIR.NZ
2021-05-05,0.116,BZ=F,-0.491,NZDUSD=X,-0.503,^TNX,-0.585,AIR.NZ
2021-05-06,-1.262,BZ=F,0.79,NZDUSD=X,-1.452,^TNX,-1.176,AIR.NZ
2021-05-07,0.279,BZ=F,0.189,NZDUSD=X,1.025,^TNX,0.0,AIR.NZ
2021-05-10,0.059,BZ=F,0.873,NZDUSD=X,1.585,^TNX,0.0,AIR.NZ
2021-05-11,0.337,BZ=F,-0.34,NZDUSD=X,1.373,^TNX,-0.893,AIR.NZ
2021-05-12,1.123,BZ=F,-0.118,NZDUSD=X,4.372,^TNX,-0.901,AIR.NZ
2021-05-13,-3.275,BZ=F,-1.358,NZDUSD=X,-1.593,^TNX,-1.212,AIR.NZ
2021-05-14,2.476,BZ=F,0.264,NZDUSD=X,-1.978,^TNX,0.614,AIR.NZ
2021-05-17,1.092,BZ=F,0.848,NZDUSD=X,0.306,^TNX,0.61,AIR.NZ
2021-05-18,-1.08,BZ=F,-0.342,NZDUSD=X,0.122,^TNX,1.212,AIR.NZ
2021-05-19,-2.984,BZ=F,0.261,NZDUSD=X,2.497,^TNX,-1.198,AIR.NZ
2021-05-20,-2.325,BZ=F,-1.034,NZDUSD=X,-2.911,^TNX,3.03,AIR.NZ
2021-05-21,2.043,BZ=F,0.467,NZDUSD=X,-0.122,^TNX,-0.588,AIR.NZ
2021-05-24,3.04,BZ=F,-0.325,NZDUSD=X,-1.471,^TNX,-0.296,AIR.NZ
2021-05-25,0.278,BZ=F,0.58,NZDUSD=X,-2.736,^TNX,-0.594,AIR.NZ
2021-05-26,0.32,BZ=F,0.133,NZDUSD=X,0.639,^TNX,0.896,AIR.NZ
2021-05-27,0.857,BZ=F,0.746,NZDUSD=X,2.287,^TNX,-1.479,AIR.NZ
2021-05-28,0.245,BZ=F,0.082,NZDUSD=X,-1.801,^TNX,0.0,AIR.NZ
2021-06-01,0.89,BZ=F,0.474,NZDUSD=X,2.151,^TNX,-1.198,AIR.NZ
2021-06-02,1.566,BZ=F,-0.329,NZDUSD=X,-1.486,^TNX,2.727,AIR.NZ
2021-06-03,-0.056,BZ=F,-0.273,NZDUSD=X,2.137,^TNX,0.0,AIR.NZ
2021-06-04,0.813,BZ=F,-1.173,NZDUSD=X,-4.0,^TNX,-0.295,AIR.NZ
2021-06-07,-0.556,BZ=F,0.855,NZDUSD=X,0.577,^TNX,,
2021-06-08,1.021,BZ=F,0.219,NZDUSD=X,-2.613,^TNX,-2.071,AIR.NZ
2021-06-09,0.0,BZ=F,-0.487,NZDUSD=X,-2.552,^TNX,0.0,AIR.NZ
2021-06-10,0.415,BZ=F,-0.257,NZDUSD=X,-2.015,^TNX,-2.115,AIR.NZ
2021-06-11,0.234,BZ=F,0.247,NZDUSD=X,0.206,^TNX,0.617,AIR.NZ
2021-06-14,0.234,BZ=F,-0.702,NZDUSD=X,2.668,^TNX,1.227,AIR.NZ
2021-06-15,1.551,BZ=F,0.067,NZDUSD=X,-0.133,^TNX,-1.515,AIR.NZ
2021-06-16,0.541,BZ=F,-0.298,NZDUSD=X,4.67,^TNX,-0.308,AIR.NZ
2021-06-17,-1.761,BZ=F,-0.721,NZDUSD=X,-3.697,^TNX,0.0,AIR.NZ
2021-06-18,0.588,BZ=F,-0.789,NZDUSD=X,-4.037,^TNX,-0.309,AIR.NZ
2021-06-21,1.891,BZ=F,-0.945,NZDUSD=X,2.345,^TNX,-2.167,AIR.NZ
2021-06-22,-0.12,BZ=F,0.536,NZDUSD=X,-0.809,^TNX,0.633,AIR.NZ
2021-06-23,0.508,BZ=F,0.453,NZDUSD=X,1.019,^TNX,-1.258,AIR.NZ
2021-06-24,0.492,BZ=F,0.393,NZDUSD=X,0.0,^TNX,-1.274,AIR.NZ
2021-06-25,0.821,BZ=F,0.25,NZDUSD=X,3.295,^TNX,1.613,AIR.NZ
2021-06-28,-1.969,BZ=F,0.082,NZDUSD=X,-3.776,^TNX,-2.54,AIR.NZ
2021-06-29,0.107,BZ=F,-0.284,NZDUSD=X,0.135,^TNX,1.629,AIR.NZ
2021-06-30,0.495,BZ=F,-0.838,NZDUSD=X,-2.5,^TNX,-0.641,AIR.NZ
2021-07-01,0.945,BZ=F,0.098,NZDUSD=X,2.564,^TNX,1.29,AIR.NZ
2021-07-02,0.435,BZ=F,-0.471,NZDUSD=X,-3.311,^TNX,-0.955,AIR.NZ
2021-07-06,-2.153,BZ=F,0.373,NZDUSD=X,-4.263,^TNX,1.899,AIR.NZ
2021-07-07,-1.476,BZ=F,-0.488,NZDUSD=X,-3.577,^TNX,-1.242,AIR.NZ
2021-07-08,0.94,BZ=F,-0.061,NZDUSD=X,-2.498,^TNX,-1.258,AIR.NZ
2021-07-09,1.929,BZ=F,-0.917,NZDUSD=X,5.279,^TNX,-1.274,AIR.NZ
2021-07-12,-0.516,BZ=F,0.822,NZDUSD=X,0.516,^TNX,0.0,AIR.NZ
2021-07-13,1.77,BZ=F,-0.279,NZDUSD=X,3.815,^TNX,0.0,AIR.NZ
2021-07-14,-2.262,BZ=F,-0.608,NZDUSD=X,-4.17,^TNX,-0.323,AIR.NZ
2021-07-15,-1.726,BZ=F,1.363,NZDUSD=X,-4.351,^TNX,0.324,AIR.NZ
2021-07-16,0.163,BZ=F,-0.388,NZDUSD=X,0.231,^TNX,0.0,AIR.NZ
2021-07-19,-6.754,BZ=F,-0.238,NZDUSD=X,-9.154,^TNX,-1.29,AIR.NZ
2021-07-20,1.064,BZ=F,-0.841,NZDUSD=X,2.371,^TNX,0.327,AIR.NZ
2021-07-21,4.153,BZ=F,-0.176,NZDUSD=X,5.873,^TNX,-0.652,AIR.NZ
2021-07-22,2.16,BZ=F,0.537,NZDUSD=X,-1.172,^TNX,0.0,AIR.NZ
2021-07-23,0.42,BZ=F,0.289,NZDUSD=X,1.66,^TNX,-1.311,AIR.NZ
2021-07-26,0.54,BZ=F,0.037,NZDUSD=X,-0.778,^TNX,-1.329,AIR.NZ
2021-07-27,-0.027,BZ=F,0.302,NZDUSD=X,-3.292,^TNX,0.337,AIR.NZ
2021-07-28,0.349,BZ=F,-0.59,NZDUSD=X,2.188,^TNX,0.671,AIR.NZ
2021-07-29,1.753,BZ=F,-0.042,NZDUSD=X,0.634,^TNX,1.667,AIR.NZ
2021-07-30,0.368,BZ=F,0.726,NZDUSD=X,-2.364,^TNX,-1.639,AIR.NZ
2021-08-02,-4.507,BZ=F,-0.516,NZDUSD=X,-5.246,^TNX,0.667,AIR.NZ
2021-08-03,-0.659,BZ=F,0.176,NZDUSD=X,0.17,^TNX,-1.325,AIR.NZ
2021-08-04,-2.803,BZ=F,0.838,NZDUSD=X,0.68,^TNX,-0.671,AIR.NZ
2021-08-05,1.293,BZ=F,-0.024,NZDUSD=X,2.787,^TNX,0.676,AIR.NZ
2021-08-06,-0.828,BZ=F,0.063,NZDUSD=X,5.998,^TNX,-0.671,AIR.NZ
2021-08-09,-2.348,BZ=F,-0.783,NZDUSD=X,2.093,^TNX,-1.014,AIR.NZ
2021-08-10,2.303,BZ=F,-0.019,NZDUSD=X,1.898,^TNX,-1.024,AIR.NZ
2021-08-11,1.147,BZ=F,0.207,NZDUSD=X,-0.969,^TNX,2.069,AIR.NZ
2021-08-12,-0.182,BZ=F,0.504,NZDUSD=X,2.859,^TNX,-0.676,AIR.NZ
2021-08-13,-1.01,BZ=F,-0.52,NZDUSD=X,-5.121,^TNX,1.02,AIR.NZ
2021-08-16,-1.53,BZ=F,0.494,NZDUSD=X,-3.084,^TNX,-0.673,AIR.NZ
2021-08-17,-0.691,BZ=F,-0.161,NZDUSD=X,0.08,^TNX,-2.712,AIR.NZ
2021-08-18,-1.159,BZ=F,-1.431,NZDUSD=X,1.192,^TNX,0.0,AIR.NZ
2021-08-19,-2.609,BZ=F,-0.771,NZDUSD=X,-2.435,^TNX,0.697,AIR.NZ
2021-08-20,-1.911,BZ=F,-0.788,NZDUSD=X,1.449,^TNX,-1.384,AIR.NZ
2021-08-23,5.477,BZ=F,0.155,NZDUSD=X,-0.397,^TNX,1.053,AIR.NZ
2021-08-24,3.345,BZ=F,0.925,NZDUSD=X,2.789,^TNX,3.125,AIR.NZ
2021-08-25,1.689,BZ=F,0.638,NZDUSD=X,4.031,^TNX,3.367,AIR.NZ
2021-08-26,-1.633,BZ=F,0.501,NZDUSD=X,0.0,^TNX,-2.28,AIR.NZ
2021-08-27,2.294,BZ=F,-0.394,NZDUSD=X,-2.235,^TNX,-0.667,AIR.NZ
2021-08-30,0.977,BZ=F,0.966,NZDUSD=X,-2.058,^TNX,1.678,AIR.NZ
2021-08-31,-0.572,BZ=F,-0.202,NZDUSD=X,1.479,^TNX,-0.33,AIR.NZ
2021-09-01,-1.918,BZ=F,0.764,NZDUSD=X,-0.153,^TNX,1.656,AIR.NZ
2021-09-02,2.011,BZ=F,0.201,NZDUSD=X,-0.614,^TNX,0.326,AIR.NZ
2021-09-03,-0.575,BZ=F,0.634,NZDUSD=X,2.164,^TNX,1.623,AIR.NZ
2021-09-07,-1.267,BZ=F,-0.214,NZDUSD=X,3.631,^TNX,-0.633,AIR.NZ
2021-09-08,1.269,BZ=F,-0.547,NZDUSD=X,-2.628,^TNX,0.318,AIR.NZ
2021-09-09,-1.584,BZ=F,0.01,NZDUSD=X,-2.624,^TNX,-2.857,AIR.NZ
2021-09-10,2.057,BZ=F,0.096,NZDUSD=X,3.233,^TNX,0.98,AIR.NZ
2021-09-13,0.809,BZ=F,0.162,NZDUSD=X,-1.268,^TNX,0.971,AIR.NZ
2021-09-14,0.122,BZ=F,-0.028,NZDUSD=X,-3.55,^TNX,-1.923,AIR.NZ
2021-09-15,2.527,BZ=F,-0.265,NZDUSD=X,2.114,^TNX,-0.327,AIR.NZ
2021-09-16,0.278,BZ=F,0.511,NZDUSD=X,2.071,^TNX,0.656,AIR.NZ
2021-09-17,-0.436,BZ=F,-0.857,NZDUSD=X,2.93,^TNX,0.326,AIR.NZ
2021-09-20,-1.885,BZ=F,-0.528,NZDUSD=X,-4.453,^TNX,-0.649,AIR.NZ
2021-09-21,0.595,BZ=F,-0.226,NZDUSD=X,1.146,^TNX,2.288,AIR.NZ
2021-09-22,2.461,BZ=F,-0.29,NZDUSD=X,0.906,^TNX,-0.639,AIR.NZ
2021-09-23,1.391,BZ=F,-0.09,NZDUSD=X,5.539,^TNX,2.251,AIR.NZ
2021-09-24,1.087,BZ=F,1.064,NZDUSD=X,3.546,^TNX,0.314,AIR.NZ
2021-09-27,1.844,BZ=F,-0.69,NZDUSD=X,1.644,^TNX,3.448,AIR.NZ
2021-09-28,-0.553,BZ=F,-0.124,NZDUSD=X,3.369,^TNX,1.515,AIR.NZ
2021-09-29,-0.569,BZ=F,-0.683,NZDUSD=X,0.456,^TNX,-2.985,AIR.NZ
2021-09-30,-0.153,BZ=F,-1.259,NZDUSD=X,-0.779,^TNX,0.308,AIR.NZ
2021-10-01,0.968,BZ=F,0.355,NZDUSD=X,-3.27,^TNX,0.92,AIR.NZ
2021-10-04,2.497,BZ=F,0.654,NZDUSD=X,0.135,^TNX,2.736,AIR.NZ
2021-10-05,1.6,BZ=F,0.287,NZDUSD=X,3.241,^TNX,0.296,AIR.NZ
2021-10-06,-1.793,BZ=F,-0.073,NZDUSD=X,-0.327,^TNX,1.18,AIR.NZ
2021-10-07,1.073,BZ=F,-0.588,NZDUSD=X,3.084,^TNX,-0.875,AIR.NZ
2021-10-08,0.537,BZ=F,0.323,NZDUSD=X,2.164,^TNX,-0.294,AIR.NZ
2021-10-11,1.529,BZ=F,-0.239,NZDUSD=X,0.561,^TNX,-1.77,AIR.NZ
2021-10-12,-0.275,BZ=F,0.313,NZDUSD=X,-2.107,^TNX,-0.901,AIR.NZ
2021-10-13,-0.288,BZ=F,-0.255,NZDUSD=X,-1.962,^TNX,0.909,AIR.NZ
2021-10-14,0.986,BZ=F,0.674,NZDUSD=X,-1.937,^TNX,0.0,AIR.NZ
2021-10-15,1.024,BZ=F,0.91,NZDUSD=X,3.752,^TNX,0.601,AIR.NZ
2021-10-18,-0.625,BZ=F,0.695,NZDUSD=X,0.508,^TNX,1.194,AIR.NZ
2021-10-19,0.889,BZ=F,0.103,NZDUSD=X,3.22,^TNX,-0.885,AIR.NZ
2021-10-20,0.87,BZ=F,0.899,NZDUSD=X,0.061,^TNX,-1.19,AIR.NZ
2021-10-21,-1.41,BZ=F,0.601,NZDUSD=X,2.445,^TNX,0.301,AIR.NZ
2021-10-22,1.087,BZ=F,-0.593,NZDUSD=X,-1.253,^TNX,-0.3,AIR.NZ
2021-10-25,0.538,BZ=F,-0.074,NZDUSD=X,-1.208,^TNX,,
2021-10-26,0.477,BZ=F,0.216,NZDUSD=X,-0.979,^TNX,-0.602,AIR.NZ
2021-10-27,-2.106,BZ=F,0.027,NZDUSD=X,-5.559,^TNX,0.606,AIR.NZ
2021-10-28,-0.307,BZ=F,-0.059,NZDUSD=X,2.551,^TNX,-2.41,AIR.NZ
2021-10-29,0.071,BZ=F,0.436,NZDUSD=X,-0.702,^TNX,3.086,AIR.NZ
2021-11-01,0.391,BZ=F,-0.259,NZDUSD=X,1.156,^TNX,-1.497,AIR.NZ
2021-11-02,0.012,BZ=F,0.038,NZDUSD=X,-1.651,^TNX,0.0,AIR.NZ
2021-11-03,-3.222,BZ=F,-0.744,NZDUSD=X,1.937,^TNX,-0.304,AIR.NZ
2021-11-04,-1.769,BZ=F,0.708,NZDUSD=X,-3.483,^TNX,0.0,AIR.NZ
2021-11-05,2.732,BZ=F,-0.928,NZDUSD=X,-4.659,^TNX,0.915,AIR.NZ
2021-11-08,0.834,BZ=F,-0.007,NZDUSD=X,3.028,^TNX,1.511,AIR.NZ
2021-11-09,1.618,BZ=F,0.75,NZDUSD=X,-4.342,^TNX,0.0,AIR.NZ
2021-11-10,-2.524,BZ=F,-0.521,NZDUSD=X,8.939,^TNX,0.0,AIR.NZ
2021-11-11,0.278,BZ=F,-0.82,NZDUSD=X,0.0,^TNX,-0.298,AIR.NZ
2021-11-12,-0.845,BZ=F,-0.605,NZDUSD=X,1.41,^TNX,0.0,AIR.NZ
2021-11-15,-0.146,BZ=F,0.273,NZDUSD=X,2.592,^TNX,-0.298,AIR.NZ
2021-11-16,0.463,BZ=F,-0.021,NZDUSD=X,0.678,^TNX,-1.198,AIR.NZ
2021-11-17,-2.608,BZ=F,-0.706,NZDUSD=X,-1.836,^TNX,-0.303,AIR.NZ
2021-11-18,1.196,BZ=F,0.169,NZDUSD=X,-0.935,^TNX,0.912,AIR.NZ
2021-11-19,-2.893,BZ=F,0.547,NZDUSD=X,-3.335,^TNX,-0.602,AIR.NZ
2021-11-22,1.027,BZ=F,-0.72,NZDUSD=X,5.794,^TNX,-1.818,AIR.NZ
2021-11-23,3.275,BZ=F,-0.598,NZDUSD=X,2.585,^TNX,-2.469,AIR.NZ
2021-11-24,-0.073,BZ=F,0.047,NZDUSD=X,-1.32,^TNX,0.949,AIR.NZ
2021-11-26,-11.587,BZ=F,-0.45,NZDUSD=X,-9.909,^TNX,-2.477,AIR.NZ
2021-11-29,0.99,BZ=F,-0.264,NZDUSD=X,3.239,^TNX,-3.175,AIR.NZ
2021-11-30,-3.908,BZ=F,0.064,NZDUSD=X,-5.686,^TNX,-0.656,AIR.NZ
2021-12-01,-2.409,BZ=F,-0.085,NZDUSD=X,-0.624,^TNX,0.0,AIR.NZ
2021-12-02,1.162,BZ=F,-0.158,NZDUSD=X,0.976,^TNX,-1.32,AIR.NZ
2021-12-03,0.301,BZ=F,-0.03,NZDUSD=X,-7.251,^TNX,0.669,AIR.NZ
2021-12-06,4.579,BZ=F,-0.803,NZDUSD=X,6.776,^TNX,-0.664,AIR.NZ
2021-12-07,3.229,BZ=F,-0.114,NZDUSD=X,3.208,^TNX,3.01,AIR.NZ
2021-12-08,0.504,BZ=F,0.541,NZDUSD=X,1.959,^TNX,0.325,AIR.NZ
2021-12-09,-1.846,BZ=F,0.325,NZDUSD=X,-1.458,^TNX,-0.647,AIR.NZ
2021-12-10,0.981,BZ=F,-0.185,NZDUSD=X,0.134,^TNX,2.28,AIR.NZ
2021-12-13,-1.011,BZ=F,0.003,NZDUSD=X,-4.365,^TNX,0.955,AIR.NZ
2021-12-14,-0.928,BZ=F,-0.645,NZDUSD=X,0.983,^TNX,-1.577,AIR.NZ
2021-12-15,0.244,BZ=F,-0.232,NZDUSD=X,1.739,^TNX,-0.641,AIR.NZ
2021-12-16,1.543,BZ=F,0.62,NZDUSD=X,-2.802,^TNX,-1.29,AIR.NZ
2021-12-17,-1.999,BZ=F,0.268,NZDUSD=X,-1.406,^TNX,0.0,AIR.NZ
2021-12-20,-2.72,BZ=F,-0.952,NZDUSD=X,1.213,^TNX,-2.614,AIR.NZ
2021-12-21,3.44,BZ=F,-0.275,NZDUSD=X,4.792,^TNX,1.342,AIR.NZ
2021-12-22,1.771,BZ=F,0.788,NZDUSD=X,-2.017,^TNX,-0.331,AIR.NZ
2021-12-23,2.072,BZ=F,0.589,NZDUSD=X,2.471,^TNX,1.329,AIR.NZ
2021-12-27,2.277,BZ=F,-0.103,NZDUSD=X,-0.804,^TNX,,
2021-12-28,0.433,BZ=F,0.041,NZDUSD=X,0.0,^TNX,,
2021-12-29,0.367,BZ=F,-0.182,NZDUSD=X,4.186,^TNX,-1.639,AIR.NZ
2021-12-30,0.114,BZ=F,0.501,NZDUSD=X,-1.815,^TNX,1.333,AIR.NZ
2021-12-31,-1.942,BZ=F,-0.136,NZDUSD=X,-0.198,^TNX,-0.658,AIR.NZ
2022-01-03,1.543,BZ=F,0.15,NZDUSD=X,7.672,^TNX,,
2022-01-04,1.291,BZ=F,-0.746,NZDUSD=X,2.457,^TNX,,
2022-01-05,1.0,BZ=F,0.352,NZDUSD=X,2.218,^TNX,1.987,AIR.NZ
2022-01-06,1.473,BZ=F,-0.3,NZDUSD=X,1.642,^TNX,-1.623,AIR.NZ
2022-01-07,-0.293,BZ=F,-0.777,NZDUSD=X,2.193,^TNX,0.66,AIR.NZ
2022-01-10,-1.076,BZ=F,0.528,NZDUSD=X,0.508,^TNX,-0.328,AIR.NZ
2022-01-11,3.524,BZ=F,-0.14,NZDUSD=X,-1.91,^TNX,-0.987,AIR.NZ
2022-01-12,1.135,BZ=F,0.256,NZDUSD=X,-1.203,^TNX,0.997,AIR.NZ
2022-01-13,-0.236,BZ=F,0.93,NZDUSD=X,-0.812,^TNX,-0.987,AIR.NZ
2022-01-14,1.882,BZ=F,0.219,NZDUSD=X,3.565,^TNX,0.332,AIR.NZ
2022-01-18,1.685,BZ=F,-0.151,NZDUSD=X,5.248,^TNX,-0.332,AIR.NZ
2022-01-19,1.063,BZ=F,-0.387,NZDUSD=X,-2.038,^TNX,0.0,AIR.NZ
2022-01-20,-0.068,BZ=F,0.127,NZDUSD=X,0.328,^TNX,-2.333,AIR.NZ
2022-01-21,-0.554,BZ=F,-0.435,NZDUSD=X,-4.692,^TNX,-0.341,AIR.NZ
2022-01-24,-1.843,BZ=F,-0.417,NZDUSD=X,-0.687,^TNX,-3.082,AIR.NZ
2022-01-25,2.237,BZ=F,-0.268,NZDUSD=X,2.767,^TNX,-0.707,AIR.NZ
2022-01-26,1.995,BZ=F,-0.205,NZDUSD=X,3.646,^TNX,1.068,AIR.NZ
2022-01-27,-0.689,BZ=F,-0.453,NZDUSD=X,-2.219,^TNX,-1.056,AIR.NZ
2022-01-28,0.772,BZ=F,-1.144,NZDUSD=X,-1.384,^TNX,1.779,AIR.NZ
2022-01-31,1.311,BZ=F,-0.493,NZDUSD=X,0.0,^TNX,0.699,AIR.NZ
2022-02-01,-2.248,BZ=F,0.398,NZDUSD=X,1.01,^TNX,2.083,AIR.NZ
2022-02-02,0.348,BZ=F,0.901,NZDUSD=X,-1.889,^TNX,2.721,AIR.NZ
2022-02-03,1.833,BZ=F,-0.382,NZDUSD=X,3.454,^TNX,3.311,AIR.NZ
2022-02-04,2.371,BZ=F,0.824,NZDUSD=X,5.638,^TNX,1.923,AIR.NZ
2022-02-07,-0.622,BZ=F,-0.698,NZDUSD=X,-0.725,^TNX,,
2022-02-08,-2.061,BZ=F,0.272,NZDUSD=X,1.983,^TNX,4.717,AIR.NZ
2022-02-09,0.848,BZ=F,0.175,NZDUSD=X,-1.279,^TNX,-1.802,AIR.NZ
2022-02-10,-0.153,BZ=F,0.448,NZDUSD=X,5.288,^TNX,0.0,AIR.NZ
2022-02-11,3.315,BZ=F,-0.183,NZDUSD=X,-3.742,^TNX,-2.141,AIR.NZ
2022-02-14,2.16,BZ=F,-0.306,NZDUSD=X,2.097,^TNX,-3.125,AIR.NZ
2022-02-15,-3.317,BZ=F,-0.431,NZDUSD=X,2.455,^TNX,1.936,AIR.NZ
2022-02-16,1.64,BZ=F,0.345,NZDUSD=X,0.098,^TNX,1.582,AIR.NZ
2022-02-17,-1.941,BZ=F,0.607,NZDUSD=X,-3.664,^TNX,0.623,AIR.NZ
2022-02-18,0.613,BZ=F,0.149,NZDUSD=X,-2.028,^TNX,-1.238,AIR.NZ
2022-02-22,3.528,BZ=F,0.096,NZDUSD=X,0.828,^TNX,-1.582,AIR.NZ
2022-02-23,0.0,BZ=F,0.684,NZDUSD=X,1.489,^TNX,2.251,AIR.NZ
2022-02-24,2.313,BZ=F,0.43,NZDUSD=X,-0.405,^TNX,-4.088,AIR.NZ
2022-02-25,-1.161,BZ=F,-1.225,NZDUSD=X,0.863,^TNX,-1.311,AIR.NZ
2022-02-28,3.125,BZ=F,0.08,NZDUSD=X,-7.402,^TNX,-0.664,AIR.NZ
2022-03-01,3.941,BZ=F,1.135,NZDUSD=X,-7.178,^TNX,3.679,AIR.NZ
2022-03-02,7.583,BZ=F,-0.025,NZDUSD=X,9.256,^TNX,-1.29,AIR.NZ
2022-03-03,-2.187,BZ=F,0.229,NZDUSD=X,-1.126,^TNX,-1.634,AIR.NZ
2022-03-04,6.926,BZ=F,0.394,NZDUSD=X,-6.508,^TNX,0.997,AIR.NZ
2022-03-07,4.318,BZ=F,0.951,NZDUSD=X,1.566,^TNX,-3.618,AIR.NZ
2022-03-08,3.871,BZ=F,-0.528,NZDUSD=X,6.91,^TNX,-6.485,AIR.NZ
2022-03-09,-13.158,BZ=F,-0.496,NZDUSD=X,4.06,^TNX,0.0,AIR.NZ
2022-03-10,-1.629,BZ=F,0.501,NZDUSD=X,3.234,^TNX,4.379,AIR.NZ
2022-03-11,3.055,BZ=F,0.527,NZDUSD=X,-0.348,^TNX,-1.398,AIR.NZ
2022-03-14,-5.121,BZ=F,-0.898,NZDUSD=X,6.786,^TNX,0.0,AIR.NZ
2022-03-15,-6.539,BZ=F,-0.935,NZDUSD=X,0.935,^TNX,-2.128,AIR.NZ
2022-03-16,-1.892,BZ=F,0.195,NZDUSD=X,1.296,^TNX,2.174,AIR.NZ
2022-03-17,8.794,BZ=F,1.013,NZDUSD=X,0.183,^TNX,1.418,AIR.NZ
2022-03-18,1.21,BZ=F,0.902,NZDUSD=X,-2.007,^TNX,-0.699,AIR.NZ
2022-03-21,7.125,BZ=F,0.092,NZDUSD=X,7.775,^TNX,1.056,AIR.NZ
2022-03-22,-0.121,BZ=F,-0.275,NZDUSD=X,2.505,^TNX,-1.394,AIR.NZ
2022-03-23,5.3,BZ=F,1.23,NZDUSD=X,-2.191,^TNX,0.0,AIR.NZ
2022-03-24,-2.113,BZ=F,0.172,NZDUSD=X,0.862,^TNX,-2.12,AIR.NZ
2022-03-25,1.361,BZ=F,-0.155,NZDUSD=X,6.45,^TNX,0.361,AIR.NZ
2022-03-28,-6.772,BZ=F,-0.115,NZDUSD=X,-0.602,^TNX,-0.36,AIR.NZ
2022-03-29,-2.0,BZ=F,-0.714,NZDUSD=X,-3.109,^TNX,1.083,AIR.NZ
2022-03-30,2.921,BZ=F,0.512,NZDUSD=X,-1.75,^TNX,-1.786,AIR.NZ
2022-03-31,-4.883,BZ=F,0.396,NZDUSD=X,-1.315,^TNX,-6.182,AIR.NZ
2022-04-01,-3.262,BZ=F,-0.526,NZDUSD=X,2.149,^TNX,-1.938,AIR.NZ
2022-04-04,3.008,BZ=F,-0.379,NZDUSD=X,1.472,^TNX,16.774,AIR.NZ
2022-04-05,-0.828,BZ=F,0.591,NZDUSD=X,5.97,^TNX,4.972,AIR.NZ
2022-04-06,-5.223,BZ=F,-0.012,NZDUSD=X,2.074,^TNX,-9.474,AIR.NZ
2022-04-07,-0.485,BZ=F,-0.52,NZDUSD=X,1.648,^TNX,-8.14,AIR.NZ
2022-04-08,2.187,BZ=F,-0.385,NZDUSD=X,2.3,^TNX,1.266,AIR.NZ
2022-04-11,-4.184,BZ=F,-0.719,NZDUSD=X,2.47,^TNX,5.625,AIR.NZ
2022-04-12,6.255,BZ=F,-0.258,NZDUSD=X,-1.978,^TNX,-0.592,AIR.NZ
2022-04-13,3.956,BZ=F,0.568,NZDUSD=X,-1.394,^TNX,0.595,AIR.NZ
2022-04-14,2.684,BZ=F,-0.813,NZDUSD=X,5.247,^TNX,1.183,AIR.NZ
2022-04-18,1.307,BZ=F,-0.339,NZDUSD=X,1.202,^TNX,,
2022-04-19,-5.223,BZ=F,-0.356,NZDUSD=X,1.782,^TNX,-1.754,AIR.NZ
2022-04-20,-0.42,BZ=F,0.152,NZDUSD=X,-2.506,^TNX,1.19,AIR.NZ
2022-04-21,1.433,BZ=F,0.547,NZDUSD=X,2.711,^TNX,0.588,AIR.NZ
2022-04-22,-1.551,BZ=F,-0.869,NZDUSD=X,-0.377,^TNX,4.678,AIR.NZ
2022-04-25,-4.06,BZ=F,-1.478,NZDUSD=X,-2.753,^TNX,,
2022-04-26,2.609,BZ=F,-0.098,NZDUSD=X,-1.911,^TNX,-0.559,AIR.NZ
2022-04-27,0.314,BZ=F,-0.65,NZDUSD=X,1.659,^TNX,-1.685,AIR.NZ
2022-04-28,2.155,BZ=F,-0.508,NZDUSD=X,1.597,^TNX,1.143,AIR.NZ
2022-04-29,1.627,BZ=F,-0.751,NZDUSD=X,0.838,^TNX,0.0,AIR.NZ
2022-05-02,-1.61,BZ=F,-0.568,NZDUSD=X,3.776,^TNX,-1.13,AIR.NZ
2022-05-03,-2.426,BZ=F,-0.231,NZDUSD=X,-1.202,^TNX,-0.571,AIR.NZ
2022-05-04,4.925,BZ=F,-0.109,NZDUSD=X,-1.453,^TNX,0.0,AIR.NZ
2022-05-05,0.69,BZ=F,1.814,NZDUSD=X,5.108,^TNX,-6.322,AIR.NZ
2022-05-06,1.344,BZ=F,-1.843,NZDUSD=X,1.859,^TNX,-2.454,AIR.NZ
2022-05-09,-5.739,BZ=F,-0.639,NZDUSD=X,-1.409,^TNX,-3.774,AIR.NZ
2022-05-10,-3.285,BZ=F,-1.027,NZDUSD=X,-2.793,^TNX,-8.497,AIR.NZ
2022-05-11,4.929,BZ=F,-0.532,NZDUSD=X,-2.406,^TNX,4.286,AIR.NZ
2022-05-12,-0.056,BZ=F,-0.082,NZDUSD=X,-3.56,^TNX,-2.74,AIR.NZ
2022-05-13,3.816,BZ=F,-0.598,NZDUSD=X,4.189,^TNX,-1.408,AIR.NZ
2022-05-16,2.411,BZ=F,0.668,NZDUSD=X,-1.976,^TNX,-0.714,AIR.NZ
2022-05-17,-2.022,BZ=F,0.358,NZDUSD=X,3.163,^TNX,-2.158,AIR.NZ
2022-05-18,-2.519,BZ=F,0.755,NZDUSD=X,-2.763,^TNX,0.0,AIR.NZ
2022-05-19,2.685,BZ=F,-0.998,NZDUSD=X,-1.074,^TNX,-2.941,AIR.NZ
2022-05-20,0.455,BZ=F,1.364,NZDUSD=X,-2.382,^TNX,0.0,AIR.NZ
2022-05-23,0.773,BZ=F,0.627,NZDUSD=X,2.583,^TNX,0.758,AIR.NZ
2022-05-24,0.123,BZ=F,0.405,NZDUSD=X,-3.463,^TNX,-0.752,AIR.NZ
2022-05-25,0.414,BZ=F,0.022,NZDUSD=X,-0.399,^TNX,-2.273,AIR.NZ
2022-05-26,2.955,BZ=F,0.479,NZDUSD=X,0.255,^TNX,0.775,AIR.NZ
2022-05-27,1.729,BZ=F,0.04,NZDUSD=X,-0.472,^TNX,0.769,AIR.NZ
2022-05-31,2.855,BZ=F,0.37,NZDUSD=X,3.682,^TNX,-3.03,AIR.NZ
2022-06-01,-5.332,BZ=F,-0.605,NZDUSD=X,3.059,^TNX,0.0,AIR.NZ
2022-06-02,1.135,BZ=F,-0.583,NZDUSD=X,-0.614,^TNX,1.563,AIR.NZ
2022-06-03,1.794,BZ=F,1.231,NZDUSD=X,1.51,^TNX,-0.769,AIR.NZ
2022-06-06,-0.175,BZ=F,-0.782,NZDUSD=X,2.739,^TNX,,
2022-06-07,0.887,BZ=F,-0.361,NZDUSD=X,-2.172,^TNX,-0.775,AIR.NZ
2022-06-08,2.496,BZ=F,-0.075,NZDUSD=X,1.918,^TNX,-0.781,AIR.NZ
2022-06-09,-0.413,BZ=F,-0.571,NZDUSD=X,0.495,^TNX,-1.575,AIR.NZ
2022-06-10,-0.861,BZ=F,-0.9,NZDUSD=X,3.679,^TNX,-4.8,AIR.NZ
2022-06-13,0.213,BZ=F,-0.758,NZDUSD=X,6.654,^TNX,-1.681,AIR.NZ
2022-06-14,-0.9,BZ=F,-0.976,NZDUSD=X,3.476,^TNX,-5.983,AIR.NZ
2022-06-15,-2.195,BZ=F,-0.775,NZDUSD=X,-2.527,^TNX,0.909,AIR.NZ
2022-06-16,1.097,BZ=F,1.057,NZDUSD=X,-2.592,^TNX,3.604,AIR.NZ
2022-06-17,-5.584,BZ=F,1.083,NZDUSD=X,-2.056,^TNX,-3.478,AIR.NZ
2022-06-21,1.353,BZ=F,0.187,NZDUSD=X,2.099,^TNX,0.0,AIR.NZ
2022-06-22,-2.538,BZ=F,-0.31,NZDUSD=X,-4.566,^TNX,-2.703,AIR.NZ
2022-06-23,-1.512,BZ=F,-0.741,NZDUSD=X,-2.788,^TNX,0.0,AIR.NZ
2022-06-24,2.79,BZ=F,0.242,NZDUSD=X,1.858,^TNX,,
2022-06-27,1.742,BZ=F,0.447,NZDUSD=X,2.208,^TNX,4.63,AIR.NZ
2022-06-28,2.511,BZ=F,-0.32,NZDUSD=X,0.376,^TNX,0.0,AIR.NZ
2022-06-29,-1.458,BZ=F,-0.906,NZDUSD=X,-3.525,^TNX,0.0,AIR.NZ
2022-06-30,-1.247,BZ=F,-0.192,NZDUSD=X,-3.912,^TNX,0.885,AIR.NZ
2022-07-01,-2.77,BZ=F,0.244,NZDUSD=X,-2.793,^TNX,2.632,AIR.NZ
2022-07-05,-7.937,BZ=F,0.111,NZDUSD=X,-2.769,^TNX,2.439,AIR.NZ
2022-07-06,-2.024,BZ=F,-0.801,NZDUSD=X,3.702,^TNX,0.0,AIR.NZ
2022-07-07,3.933,BZ=F,-0.177,NZDUSD=X,3.261,^TNX,-0.794,AIR.NZ
2022-07-08,2.265,BZ=F,0.391,NZDUSD=X,3.092,^TNX,0.0,AIR.NZ
2022-07-11,0.075,BZ=F,0.113,NZDUSD=X,-3.547,^TNX,-0.8,AIR.NZ
2022-07-12,-7.106,BZ=F,-1.031,NZDUSD=X,-1.103,^TNX,-1.613,AIR.NZ
2022-07-13,0.08,BZ=F,0.015,NZDUSD=X,-1.826,^TNX,2.459,AIR.NZ
2022-07-14,-0.472,BZ=F,-0.239,NZDUSD=X,1.928,^TNX,0.8,AIR.NZ
2022-07-15,2.079,BZ=F,0.356,NZDUSD=X,-1.014,^TNX,-0.794,AIR.NZ
2022-07-18,5.051,BZ=F,0.969,NZDUSD=X,1.024,^TNX,0.8,AIR.NZ
2022-07-19,1.016,BZ=F,-0.589,NZDUSD=X,1.993,^TNX,-0.794,AIR.NZ
2022-07-20,-0.401,BZ=F,1.307,NZDUSD=X,0.563,^TNX,0.0,AIR.NZ
2022-07-21,-2.862,BZ=F,-0.134,NZDUSD=X,-4.15,^TNX,-1.6,AIR.NZ
2022-07-22,-0.635,BZ=F,0.302,NZDUSD=X,-4.364,^TNX,0.0,AIR.NZ
2022-07-25,1.89,BZ=F,-0.161,NZDUSD=X,1.329,^TNX,-1.626,AIR.NZ
2022-07-26,-0.713,BZ=F,0.393,NZDUSD=X,-1.17,^TNX,0.826,AIR.NZ
2022-07-27,2.126,BZ=F,-0.273,NZDUSD=X,-1.902,^TNX,-1.639,AIR.NZ
2022-07-28,0.488,BZ=F,0.304,NZDUSD=X,-1.939,^TNX,0.0,AIR.NZ
2022-07-29,2.679,BZ=F,0.565,NZDUSD=X,-1.455,^TNX,1.667,AIR.NZ
2022-08-01,-9.072,BZ=F,-0.263,NZDUSD=X,-1.363,^TNX,1.639,AIR.NZ
2022-08-02,0.51,BZ=F,0.839,NZDUSD=X,5.18,^TNX,-0.806,AIR.NZ
2022-08-03,-3.74,BZ=F,-1.745,NZDUSD=X,0.255,^TNX,0.813,AIR.NZ
2022-08-04,-2.748,BZ=F,0.741,NZDUSD=X,-2.62,^TNX,0.0,AIR.NZ
2022-08-05,0.85,BZ=F,0.474,NZDUSD=X,6.129,^TNX,0.0,AIR.NZ
2022-08-08,1.823,BZ=F,-0.912,NZDUSD=X,-2.641,^TNX,0.0,AIR.NZ
2022-08-09,-0.352,BZ=F,0.796,NZDUSD=X,1.157,^TNX,4.032,AIR.NZ
2022-08-10,1.132,BZ=F,-0.057,NZDUSD=X,-0.393,^TNX,0.775,AIR.NZ
2022-08-11,2.259,BZ=F,1.919,NZDUSD=X,3.661,^TNX,0.769,AIR.NZ
2022-08-12,-1.456,BZ=F,0.434,NZDUSD=X,-1.35,^TNX,2.29,AIR.NZ
2022-08-15,-3.107,BZ=F,0.237,NZDUSD=X,-2.036,^TNX,2.985,AIR.NZ
2022-08-16,-2.902,BZ=F,-1.343,NZDUSD=X,1.182,^TNX,0.0,AIR.NZ
2022-08-17,1.419,BZ=F,-0.306,NZDUSD=X,2.443,^TNX,-0.725,AIR.NZ
2022-08-18,3.139,BZ=F,-1.061,NZDUSD=X,-0.449,^TNX,-1.46,AIR.NZ
2022-08-19,0.135,BZ=F,-0.495,NZDUSD=X,3.785,^TNX,1.481,AIR.NZ
2022-08-22,-0.248,BZ=F,-1.102,NZDUSD=X,1.606,^TNX,-0.73,AIR.NZ
2022-08-23,3.876,BZ=F,0.008,NZDUSD=X,0.56,^TNX,-2.206,AIR.NZ
2022-08-24,0.998,BZ=F,0.495,NZDUSD=X,1.703,^TNX,1.504,AIR.NZ
2022-08-25,-1.857,BZ=F,-0.412,NZDUSD=X,-2.576,^TNX,-1.481,AIR.NZ
2022-08-26,1.661,BZ=F,0.566,NZDUSD=X,0.297,^TNX,0.0,AIR.NZ
2022-08-29,4.06,BZ=F,-1.668,NZDUSD=X,2.471,^TNX,-1.504,AIR.NZ
2022-08-30,-5.5,BZ=F,0.781,NZDUSD=X,0.0,^TNX,3.053,AIR.NZ
2022-08-31,-2.84,BZ=F,-0.463,NZDUSD=X,0.74,^TNX,0.741,AIR.NZ
2022-09-01,-4.28,BZ=F,-0.342,NZDUSD=X,4.213,^TNX,-0.735,AIR.NZ
2022-09-02,0.715,BZ=F,-0.43,NZDUSD=X,-2.205,^TNX,0.0,AIR.NZ
2022-09-06,-0.204,BZ=F,0.315,NZDUSD=X,4.604,^TNX,0.0,AIR.NZ
2022-09-07,-5.203,BZ=F,-1.187,NZDUSD=X,-2.246,^TNX,0.0,AIR.NZ
2022-09-08,1.307,BZ=F,0.489,NZDUSD=X,0.827,^TNX,0.0,AIR.NZ
2022-09-09,4.139,BZ=F,0.13,NZDUSD=X,0.881,^TNX,1.504,AIR.NZ
2022-09-12,1.249,BZ=F,0.7,NZDUSD=X,1.235,^TNX,0.0,AIR.NZ
2022-09-13,-0.883,BZ=F,0.553,NZDUSD=X,1.785,^TNX,0.0,AIR.NZ
2022-09-14,0.998,BZ=F,-2.304,NZDUSD=X,-0.292,^TNX,-2.222,AIR.NZ
2022-09-15,-3.464,BZ=F,0.196,NZDUSD=X,1.377,^TNX,1.515,AIR.NZ
2022-09-16,0.561,BZ=F,-0.984,NZDUSD=X,-0.318,^TNX,3.731,AIR.NZ
2022-09-19,0.712,BZ=F,0.636,NZDUSD=X,1.218,^TNX,-2.158,AIR.NZ
2022-09-20,-1.5,BZ=F,-0.48,NZDUSD=X,2.321,^TNX,0.0,AIR.NZ
2022-09-21,-0.872,BZ=F,-1.088,NZDUSD=X,-1.708,^TNX,7.353,AIR.NZ
2022-09-22,0.701,BZ=F,-1.228,NZDUSD=X,5.641,^TNX,1.37,AIR.NZ
2022-09-23,-4.765,BZ=F,0.324,NZDUSD=X,-0.297,^TNX,-1.351,AIR.NZ
2022-09-26,-2.426,BZ=F,-1.819,NZDUSD=X,4.896,^TNX,,
2022-09-27,2.629,BZ=F,-1.331,NZDUSD=X,2.218,^TNX,-3.425,AIR.NZ
2022-09-28,3.535,BZ=F,-0.602,NZDUSD=X,-6.534,^TNX,0.0,AIR.NZ
2022-09-29,-0.929,BZ=F,1.547,NZDUSD=X,1.134,^TNX,0.709,AIR.NZ
2022-09-30,-0.599,BZ=F,0.416,NZDUSD=X,1.521,^TNX,0.704,AIR.NZ
2022-10-03,1.023,BZ=F,-2.154,NZDUSD=X,-4.022,^TNX,-2.098,AIR.NZ
2022-10-04,3.309,BZ=F,1.798,NZDUSD=X,-0.931,^TNX,2.143,AIR.NZ
2022-10-05,1.71,BZ=F,0.309,NZDUSD=X,3.926,^TNX,-0.699,AIR.NZ
2022-10-06,1.125,BZ=F,0.675,NZDUSD=X,1.782,^TNX,0.0,AIR.NZ
2022-10-07,3.707,BZ=F,-1.997,NZDUSD=X,1.49,^TNX,1.408,AIR.NZ
2022-10-10,-1.767,BZ=F,-0.952,NZDUSD=X,0.129,^TNX,-1.389,AIR.NZ
2022-10-11,-1.975,BZ=F,-0.614,NZDUSD=X,1.312,^TNX,0.704,AIR.NZ
2022-10-12,-1.951,BZ=F,0.223,NZDUSD=X,-0.939,^TNX,1.399,AIR.NZ
2022-10-13,2.293,BZ=F,0.476,NZDUSD=X,1.281,^TNX,2.759,AIR.NZ
2022-10-14,-3.109,BZ=F,0.494,NZDUSD=X,1.468,^TNX,0.671,AIR.NZ
2022-10-17,-0.011,BZ=F,-1.119,NZDUSD=X,0.125,^TNX,-1.333,AIR.NZ
2022-10-18,-1.735,BZ=F,1.447,NZDUSD=X,-0.423,^TNX,4.054,AIR.NZ
2022-10-19,2.644,BZ=F,0.674,NZDUSD=X,3.227,^TNX,0.649,AIR.NZ
2022-10-20,-0.032,BZ=F,-0.563,NZDUSD=X,2.399,^TNX,0.0,AIR.NZ
2022-10-21,1.212,BZ=F,0.115,NZDUSD=X,-0.308,^TNX,-1.29,AIR.NZ
2022-10-24,-0.257,BZ=F,1.672,NZDUSD=X,0.498,^TNX,,
2022-10-25,0.279,BZ=F,-1.023,NZDUSD=X,-2.976,^TNX,0.0,AIR.NZ
2022-10-26,2.32,BZ=F,0.67,NZDUSD=X,-2.264,^TNX,-0.654,AIR.NZ
2022-10-27,1.327,BZ=F,1.685,NZDUSD=X,-1.943,^TNX,1.316,AIR.NZ
2022-10-28,-1.227,BZ=F,-0.205,NZDUSD=X,1.854,^TNX,0.0,AIR.NZ
2022-10-31,-0.982,BZ=F,-0.448,NZDUSD=X,1.671,^TNX,1.299,AIR.NZ
2022-11-01,-0.19,BZ=F,0.401,NZDUSD=X,-0.613,^TNX,0.641,AIR.NZ
2022-11-02,1.595,BZ=F,0.389,NZDUSD=X,0.173,^TNX,3.822,AIR.NZ
2022-11-03,-1.55,BZ=F,-0.589,NZDUSD=X,1.601,^TNX,-0.613,AIR.NZ
2022-11-04,4.12,BZ=F,-0.76,NZDUSD=X,0.776,^TNX,0.0,AIR.NZ
2022-11-07,-0.659,BZ=F,2.167,NZDUSD=X,1.396,^TNX,0.617,AIR.NZ
2022-11-08,-2.614,BZ=F,0.78,NZDUSD=X,-2.088,^TNX,-0.613,AIR.NZ
2022-11-09,-2.842,BZ=F,0.388,NZDUSD=X,0.606,^TNX,0.0,AIR.NZ
2022-11-10,1.101,BZ=F,-1.29,NZDUSD=X,-7.757,^TNX,0.617,AIR.NZ
2022-11-11,2.477,BZ=F,2.234,NZDUSD=X,-0.418,^TNX,0.0,AIR.NZ
2022-11-14,-2.969,BZ=F,1.454,NZDUSD=X,1.364,^TNX,-0.613,AIR.NZ
2022-11-15,0.773,BZ=F,-0.251,NZDUSD=X,-1.708,^TNX,0.0,AIR.NZ
2022-11-16,-1.065,BZ=F,1.242,NZDUSD=X,-2.817,^TNX,-1.235,AIR.NZ
2022-11-17,-3.317,BZ=F,-0.248,NZDUSD=X,2.248,^TNX,0.0,AIR.NZ
2022-11-18,-2.406,BZ=F,-0.348,NZDUSD=X,1.139,^TNX,0.0,AIR.NZ
2022-11-21,-0.194,BZ=F,0.635,NZDUSD=X,0.183,^TNX,-1.25,AIR.NZ
2022-11-22,1.041,BZ=F,-1.124,NZDUSD=X,-1.752,^TNX,-0.633,AIR.NZ
2022-11-23,-3.339,BZ=F,0.951,NZDUSD=X,-1.384,^TNX,1.274,AIR.NZ
2022-11-25,-2.084,BZ=F,0.11,NZDUSD=X,-0.405,^TNX,-0.633,AIR.NZ
2022-11-28,-0.526,BZ=F,-0.687,NZDUSD=X,0.325,^TNX,-1.274,AIR.NZ
2022-11-29,-0.192,BZ=F,-0.848,NZDUSD=X,1.215,^TNX,0.0,AIR.NZ
2022-11-30,2.891,BZ=F,0.534,NZDUSD=X,-1.201,^TNX,-0.645,AIR.NZ
2022-12-01,1.697,BZ=F,1.896,NZDUSD=X,-4.699,^TNX,1.948,AIR.NZ
2022-12-02,-1.508,BZ=F,0.877,NZDUSD=X,-0.652,^TNX,0.637,AIR.NZ
2022-12-05,-3.377,BZ=F,0.546,NZDUSD=X,2.653,^TNX,-0.633,AIR.NZ
2022-12-06,-4.028,BZ=F,-1.28,NZDUSD=X,-2.39,^TNX,-1.911,AIR.NZ
2022-12-07,-2.747,BZ=F,0.028,NZDUSD=X,-2.989,^TNX,-0.649,AIR.NZ
2022-12-08,-1.322,BZ=F,0.47,NZDUSD=X,2.435,^TNX,1.961,AIR.NZ
2022-12-09,-0.066,BZ=F,0.386,NZDUSD=X,2.177,^TNX,0.0,AIR.NZ
2022-12-12,2.484,BZ=F,0.229,NZDUSD=X,1.234,^TNX,0.0,AIR.NZ
2022-12-13,3.449,BZ=F,-0.084,NZDUSD=X,-3.046,^TNX,0.641,AIR.NZ
2022-12-14,2.504,BZ=F,1.035,NZDUSD=X,0.057,^TNX,0.0,AIR.NZ
2022-12-15,-1.802,BZ=F,0.0,NZDUSD=X,-1.513,^TNX,-1.274,AIR.NZ
2022-12-16,-2.672,BZ=F,-1.718,NZDUSD=X,0.928,^TNX,0.645,AIR.NZ
2022-12-19,0.962,BZ=F,0.449,NZDUSD=X,2.843,^TNX,-1.282,AIR.NZ
2022-12-20,0.238,BZ=F,-0.155,NZDUSD=X,2.876,^TNX,0.649,AIR.NZ
2022-12-21,2.763,BZ=F,-0.272,NZDUSD=X,0.0,^TNX,0.645,AIR.NZ
2022-12-22,-1.484,BZ=F,-0.864,NZDUSD=X,-0.407,^TNX,0.641,AIR.NZ
2022-12-23,3.631,BZ=F,-0.596,NZDUSD=X,2.235,^TNX,-1.911,AIR.NZ
2022-12-27,0.489,BZ=F,0.224,NZDUSD=X,2.906,^TNX,,
2022-12-28,-1.269,BZ=F,-0.534,NZDUSD=X,0.699,^TNX,-0.649,AIR.NZ
2022-12-29,-1.201,BZ=F,0.719,NZDUSD=X,-1.338,^TNX,-1.307,AIR.NZ
2022-12-30,4.437,BZ=F,0.435,NZDUSD=X,1.147,^TNX,-1.325,AIR.NZ
2023-01-03,-4.435,BZ=F,-0.759,NZDUSD=X,-2.217,^TNX,,
2023-01-04,-5.189,BZ=F,-1.253,NZDUSD=X,-2.215,^TNX,0.0,AIR.NZ
2023-01-05,1.092,BZ=F,0.608,NZDUSD=X,0.297,^TNX,2.685,AIR.NZ
2023-01-06,-0.153,BZ=F,-0.864,NZDUSD=X,-4.059,^TNX,-0.654,AIR.NZ
2023-01-09,1.375,BZ=F,2.059,NZDUSD=X,-1.457,^TNX,0.658,AIR.NZ
2023-01-10,0.565,BZ=F,0.164,NZDUSD=X,2.957,^TNX,-0.654,AIR.NZ
2023-01-11,3.208,BZ=F,0.038,NZDUSD=X,-1.85,^TNX,0.0,AIR.NZ
2023-01-12,1.645,BZ=F,-0.066,NZDUSD=X,-2.954,^TNX,0.0,AIR.NZ
2023-01-13,1.488,BZ=F,0.316,NZDUSD=X,1.798,^TNX,1.316,AIR.NZ
2023-01-17,0.75,BZ=F,0.075,NZDUSD=X,0.684,^TNX,1.299,AIR.NZ
2023-01-18,-1.094,BZ=F,0.673,NZDUSD=X,-4.526,^TNX,1.282,AIR.NZ
2023-01-19,1.389,BZ=F,0.196,NZDUSD=X,0.652,^TNX,0.0,AIR.NZ
2023-01-20,1.706,BZ=F,-0.776,NZDUSD=X,2.561,^TNX,1.899,AIR.NZ
2023-01-23,0.639,BZ=F,1.463,NZDUSD=X,1.177,^TNX,-1.242,AIR.NZ
2023-01-24,-2.336,BZ=F,0.018,NZDUSD=X,-1.589,^TNX,0.0,AIR.NZ
2023-01-25,-0.012,BZ=F,0.047,NZDUSD=X,-0.202,^TNX,0.0,AIR.NZ
2023-01-26,1.568,BZ=F,-0.141,NZDUSD=X,0.895,^TNX,0.629,AIR.NZ
2023-01-27,-0.926,BZ=F,0.105,NZDUSD=X,0.716,^TNX,-1.25,AIR.NZ
2023-01-30,-2.031,BZ=F,0.02,NZDUSD=X,0.938,^TNX,-0.633,AIR.NZ
2023-01-31,-0.483,BZ=F,-0.359,NZDUSD=X,-0.62,^TNX,-1.274,AIR.NZ
2023-02-01,-1.953,BZ=F,-0.474,NZDUSD=X,-3.74,^TNX,1.29,AIR.NZ
2023-02-02,-0.809,BZ=F,1.215,NZDUSD=X,-0.029,^TNX,-0.637,AIR.NZ
2023-02-03,-2.714,BZ=F,-0.602,NZDUSD=X,4.005,^TNX,0.641,AIR.NZ
2023-02-06,1.313,BZ=F,-2.308,NZDUSD=X,2.888,^TNX,,
2023-02-07,3.334,BZ=F,-0.299,NZDUSD=X,1.101,^TNX,1.274,AIR.NZ
2023-02-08,1.673,BZ=F,0.209,NZDUSD=X,-0.572,^TNX,0.629,AIR.NZ
2023-02-09,-0.693,BZ=F,-0.117,NZDUSD=X,0.821,^TNX,1.875,AIR.NZ
2023-02-10,2.237,BZ=F,0.204,NZDUSD=X,1.656,^TNX,-0.613,AIR.NZ
2023-02-13,0.255,BZ=F,-0.24,NZDUSD=X,-0.721,^TNX,0.0,AIR.NZ
2023-02-14,-1.189,BZ=F,0.778,NZDUSD=X,1.184,^TNX,-1.235,AIR.NZ
2023-02-15,-0.234,BZ=F,-0.407,NZDUSD=X,1.276,^TNX,0.625,AIR.NZ
2023-02-16,-0.281,BZ=F,-0.879,NZDUSD=X,0.893,^TNX,0.621,AIR.NZ
2023-02-17,-2.514,BZ=F,-0.548,NZDUSD=X,-0.39,^TNX,0.0,AIR.NZ
2023-02-21,0.06,BZ=F,0.345,NZDUSD=X,3.318,^TNX,0.617,AIR.NZ
2023-02-22,-2.95,BZ=F,-0.663,NZDUSD=X,-0.809,^TNX,-1.227,AIR.NZ
2023-02-23,1.998,BZ=F,0.126,NZDUSD=X,-1.122,^TNX,-1.242,AIR.NZ
2023-02-24,1.156,BZ=F,0.109,NZDUSD=X,1.805,^TNX,-1.258,AIR.NZ
2023-02-27,-0.854,BZ=F,-1.046,NZDUSD=X,-0.684,^TNX,0.0,AIR.NZ
2023-02-28,1.747,BZ=F,-0.023,NZDUSD=X,-0.153,^TNX,0.637,AIR.NZ
2023-03-01,0.501,BZ=F,0.368,NZDUSD=X,1.992,^TNX,0.0,AIR.NZ
2023-03-02,0.522,BZ=F,1.133,NZDUSD=X,1.978,^TNX,0.0,AIR.NZ
2023-03-03,1.274,BZ=F,-0.57,NZDUSD=X,-2.676,^TNX,0.0,AIR.NZ
2023-03-06,0.408,BZ=F,-0.188,NZDUSD=X,0.479,^TNX,0.633,AIR.NZ
2023-03-07,-3.353,BZ=F,-0.18,NZDUSD=X,-0.201,^TNX,0.629,AIR.NZ
2023-03-08,-0.756,BZ=F,-1.407,NZDUSD=X,0.025,^TNX,-0.625,AIR.NZ
2023-03-09,-1.294,BZ=F,0.057,NZDUSD=X,-1.283,^TNX,1.258,AIR.NZ
2023-03-10,1.459,BZ=F,-0.221,NZDUSD=X,-5.86,^TNX,-0.621,AIR.NZ
2023-03-13,-2.428,BZ=F,0.977,NZDUSD=X,-4.871,^TNX,-1.25,AIR.NZ
2023-03-14,-4.11,BZ=F,0.901,NZDUSD=X,3.499,^TNX,-0.633,AIR.NZ
2023-03-15,-4.855,BZ=F,0.231,NZDUSD=X,-4.013,^TNX,-0.637,AIR.NZ
2023-03-16,1.371,BZ=F,-1.061,NZDUSD=X,2.663,^TNX,-0.641,AIR.NZ
2023-03-17,-2.316,BZ=F,0.63,NZDUSD=X,-5.3,^TNX,1.29,AIR.NZ
2023-03-20,1.124,BZ=F,1.125,NZDUSD=X,2.533,^TNX,-2.548,AIR.NZ
2023-03-21,2.073,BZ=F,-0.488,NZDUSD=X,3.591,^TNX,-1.307,AIR.NZ
2023-03-22,1.819,BZ=F,-0.795,NZDUSD=X,-2.94,^TNX,1.987,AIR.NZ
2023-03-23,-1.017,BZ=F,0.638,NZDUSD=X,-2.686,^TNX,-0.649,AIR.NZ
2023-03-24,-1.212,BZ=F,0.231,NZDUSD=X,-0.763,^TNX,0.654,AIR.NZ
2023-03-27,4.174,BZ=F,-0.573,NZDUSD=X,4.379,^TNX,0.0,AIR.NZ
2023-03-28,0.678,BZ=F,-0.122,NZDUSD=X,1.02,^TNX,0.0,AIR.NZ
2023-03-29,-0.47,BZ=F,0.809,NZDUSD=X,0.056,^TNX,0.649,AIR.NZ
2023-03-30,1.265,BZ=F,-0.518,NZDUSD=X,-0.421,^TNX,1.29,AIR.NZ
2023-03-31,0.631,BZ=F,0.779,NZDUSD=X,-1.605,^TNX,-2.548,AIR.NZ
2023-04-03,6.469,BZ=F,-0.716,NZDUSD=X,-1.832,^TNX,1.961,AIR.NZ
2023-04-04,0.012,BZ=F,1.25,NZDUSD=X,-2.711,^TNX,-0.641,AIR.NZ
2023-04-05,0.059,BZ=F,0.2,NZDUSD=X,-1.498,^TNX,0.0,AIR.NZ
2023-04-06,0.153,BZ=F,0.051,NZDUSD=X,0.03,^TNX,0.0,AIR.NZ
2023-04-10,-1.104,BZ=F,0.149,NZDUSD=X,3.863,^TNX,,
2023-04-11,1.699,BZ=F,-0.442,NZDUSD=X,0.556,^TNX,0.0,AIR.NZ
2023-04-12,2.009,BZ=F,-0.519,NZDUSD=X,-0.379,^TNX,0.0,AIR.NZ
2023-04-13,-1.42,BZ=F,0.374,NZDUSD=X,0.906,^TNX,0.645,AIR.NZ
2023-04-14,0.256,BZ=F,1.37,NZDUSD=X,2.028,^TNX,-1.282,AIR.NZ
2023-04-17,-1.796,BZ=F,-1.618,NZDUSD=X,1.959,^TNX,-0.649,AIR.NZ
2023-04-18,0.012,BZ=F,-0.304,NZDUSD=X,-0.529,^TNX,1.307,AIR.NZ
2023-04-19,-1.946,BZ=F,0.525,NZDUSD=X,0.84,^TNX,-1.29,AIR.NZ
2023-04-20,-2.43,BZ=F,-0.855,NZDUSD=X,-1.582,^TNX,0.0,AIR.NZ
2023-04-21,0.691,BZ=F,0.281,NZDUSD=X,0.705,^TNX,-0.654,AIR.NZ
2023-04-24,1.31,BZ=F,-0.581,NZDUSD=X,-1.541,^TNX,0.658,AIR.NZ
2023-04-25,-2.369,BZ=F,0.529,NZDUSD=X,-3.385,^TNX,,
2023-04-26,-3.813,BZ=F,-0.461,NZDUSD=X,1.06,^TNX,0.654,AIR.NZ
2023-04-27,0.875,BZ=F,-0.432,NZDUSD=X,2.797,^TNX,0.0,AIR.NZ
2023-04-28,1.493,BZ=F,0.417,NZDUSD=X,-2.154,^TNX,-1.299,AIR.NZ
2023-05-01,-0.289,BZ=F,0.418,NZDUSD=X,3.534,^TNX,0.0,AIR.NZ
2023-05-02,-5.031,BZ=F,-0.118,NZDUSD=X,-3.777,^TNX,0.658,AIR.NZ
2023-05-03,-3.97,BZ=F,1.002,NZDUSD=X,-1.047,^TNX,0.0,AIR.NZ
2023-05-04,0.235,BZ=F,-0.284,NZDUSD=X,-1.528,^TNX,0.0,AIR.NZ
2023-05-05,3.862,BZ=F,1.31,NZDUSD=X,2.835,^TNX,-0.654,AIR.NZ
2023-05-08,2.271,BZ=F,0.143,NZDUSD=X,2.176,^TNX,0.0,AIR.NZ
2023-05-09,0.558,BZ=F,0.625,NZDUSD=X,0.0,^TNX,-1.316,AIR.NZ
2023-05-10,-1.33,BZ=F,0.003,NZDUSD=X,-2.329,^TNX,0.667,AIR.NZ
2023-05-11,-1.871,BZ=F,0.512,NZDUSD=X,-1.221,^TNX,0.662,AIR.NZ
2023-05-12,-1.08,BZ=F,-1.208,NZDUSD=X,1.943,^TNX,2.632,AIR.NZ
2023-05-15,1.429,BZ=F,-1.567,NZDUSD=X,1.299,^TNX,-1.282,AIR.NZ
2023-05-16,-0.425,BZ=F,0.77,NZDUSD=X,1.169,^TNX,0.0,AIR.NZ
2023-05-17,2.737,BZ=F,-0.094,NZDUSD=X,0.902,^TNX,-1.299,AIR.NZ
2023-05-18,-1.429,BZ=F,0.139,NZDUSD=X,1.871,^TNX,1.316,AIR.NZ
2023-05-19,-0.369,BZ=F,-0.165,NZDUSD=X,1.206,^TNX,0.0,AIR.NZ
2023-05-22,0.542,BZ=F,0.776,NZDUSD=X,0.731,^TNX,0.649,AIR.NZ
2023-05-23,1.119,BZ=F,0.033,NZDUSD=X,-0.565,^TNX,0.0,AIR.NZ
2023-05-24,1.978,BZ=F,-0.574,NZDUSD=X,0.568,^TNX,0.645,AIR.NZ
2023-05-25,-2.68,BZ=F,-2.306,NZDUSD=X,2.554,^TNX,-1.282,AIR.NZ
2023-05-26,0.905,BZ=F,-0.863,NZDUSD=X,-0.105,^TNX,0.649,AIR.NZ
2023-05-30,-4.431,BZ=F,-0.22,NZDUSD=X,-2.887,^TNX,-1.282,AIR.NZ
2023-05-31,-1.197,BZ=F,0.038,NZDUSD=X,-1.703,^TNX,0.649,AIR.NZ
2023-06-01,2.23,BZ=F,-0.358,NZDUSD=X,-0.797,^TNX,0.645,AIR.NZ
2023-06-02,2.491,BZ=F,0.675,NZDUSD=X,2.3,^TNX,0.0,AIR.NZ
2023-06-05,0.762,BZ=F,-0.125,NZDUSD=X,0.054,^TNX,,
2023-06-06,-0.548,BZ=F,0.205,NZDUSD=X,0.162,^TNX,-0.641,AIR.NZ
2023-06-07,0.865,BZ=F,0.128,NZDUSD=X,2.298,^TNX,-0.645,AIR.NZ
2023-06-08,-1.287,BZ=F,-0.594,NZDUSD=X,-1.85,^TNX,1.299,AIR.NZ
2023-06-09,-1.54,BZ=F,0.862,NZDUSD=X,0.835,^TNX,-0.641,AIR.NZ
2023-06-12,-3.944,BZ=F,0.594,NZDUSD=X,0.534,^TNX,0.645,AIR.NZ
2023-06-13,3.41,BZ=F,-0.025,NZDUSD=X,1.965,^TNX,1.282,AIR.NZ
2023-06-14,-1.467,BZ=F,0.495,NZDUSD=X,-1.12,^TNX,0.633,AIR.NZ
2023-06-15,3.374,BZ=F,0.609,NZDUSD=X,-1.791,^TNX,0.0,AIR.NZ
2023-06-16,1.242,BZ=F,0.621,NZDUSD=X,1.1,^TNX,0.629,AIR.NZ
2023-06-20,-0.927,BZ=F,-0.475,NZDUSD=X,-1.061,^TNX,-1.25,AIR.NZ
2023-06-21,1.607,BZ=F,-0.574,NZDUSD=X,-0.161,^TNX,0.633,AIR.NZ
2023-06-22,-3.864,BZ=F,0.654,NZDUSD=X,2.041,^TNX,-1.258,AIR.NZ
2023-06-23,-0.391,BZ=F,-0.391,NZDUSD=X,-1.579,^TNX,-1.274,AIR.NZ
2023-06-26,0.447,BZ=F,-0.552,NZDUSD=X,-0.535,^TNX,0.645,AIR.NZ
2023-06-27,-2.588,BZ=F,0.234,NZDUSD=X,1.318,^TNX,-0.641,AIR.NZ
2023-06-28,2.449,BZ=F,-0.092,NZDUSD=X,-1.539,^TNX,0.645,AIR.NZ
2023-06-29,0.419,BZ=F,-1.35,NZDUSD=X,3.881,^TNX,0.0,AIR.NZ
2023-06-30,0.753,BZ=F,-0.124,NZDUSD=X,-0.908,^TNX,0.0,AIR.NZ
2023-07-03,-0.334,BZ=F,1.078,NZDUSD=X,1.021,^TNX,0.641,AIR.NZ
2023-07-05,2.679,BZ=F,0.684,NZDUSD=X,2.255,^TNX,0.0,AIR.NZ
2023-07-06,-0.17,BZ=F,-0.34,NZDUSD=X,2.433,^TNX,1.282,AIR.NZ
2023-07-07,2.548,BZ=F,-0.218,NZDUSD=X,0.223,^TNX,0.0,AIR.NZ
2023-07-10,-0.994,BZ=F,0.688,NZDUSD=X,-1.086,^TNX,-0.633,AIR.NZ
2023-07-11,2.201,BZ=F,0.01,NZDUSD=X,-0.649,^TNX,0.637,AIR.NZ
2023-07-12,0.894,BZ=F,-0.112,NZDUSD=X,-2.99,^TNX,-0.633,AIR.NZ
2023-07-13,1.56,BZ=F,1.704,NZDUSD=X,-2.59,^TNX,0.0,AIR.NZ
2023-07-14,-1.831,BZ=F,1.375,NZDUSD=X,1.542,^TNX,,
2023-07-17,-1.715,BZ=F,-0.408,NZDUSD=X,-0.576,^TNX,0.0,AIR.NZ
2023-07-18,1.439,BZ=F,-0.701,NZDUSD=X,-0.211,^TNX,0.637,AIR.NZ
2023-07-19,-0.213,BZ=F,-0.383,NZDUSD=X,-1.24,^TNX,-0.633,AIR.NZ
2023-07-20,0.227,BZ=F,-0.542,NZDUSD=X,2.993,^TNX,-0.637,AIR.NZ
2023-07-21,1.796,BZ=F,-0.52,NZDUSD=X,-0.441,^TNX,0.641,AIR.NZ
2023-07-24,2.06,BZ=F,-0.984,NZDUSD=X,0.521,^TNX,0.0,AIR.NZ
2023-07-25,1.088,BZ=F,0.506,NZDUSD=X,1.426,^TNX,0.0,AIR.NZ
2023-07-26,-0.861,BZ=F,0.264,NZDUSD=X,-1.559,^TNX,0.0,AIR.NZ
2023-07-27,1.592,BZ=F,-0.069,NZDUSD=X,4.181,^TNX,0.0,AIR.NZ
2023-07-28,0.89,BZ=F,-0.4,NZDUSD=X,-1.072,^TNX,0.0,AIR.NZ
2023-07-31,0.671,BZ=F,-0.442,NZDUSD=X,-0.252,^TNX,0.637,AIR.NZ
2023-08-01,-0.76,BZ=F,0.727,NZDUSD=X,2.324,^TNX,-1.266,AIR.NZ
2023-08-02,-2.014,BZ=F,-1.022,NZDUSD=X,0.667,^TNX,0.641,AIR.NZ
2023-08-03,2.332,BZ=F,-0.899,NZDUSD=X,2.722,^TNX,-1.274,AIR.NZ
2023-08-04,1.292,BZ=F,-0.064,NZDUSD=X,-3.079,^TNX,0.645,AIR.NZ
2023-08-07,-1.044,BZ=F,0.291,NZDUSD=X,0.443,^TNX,0.0,AIR.NZ
2023-08-08,0.973,BZ=F,0.106,NZDUSD=X,-1.275,^TNX,-1.282,AIR.NZ
2023-08-09,1.601,BZ=F,-0.817,NZDUSD=X,-0.348,^TNX,0.0,AIR.NZ
2023-08-10,-1.314,BZ=F,0.089,NZDUSD=X,1.695,^TNX,0.649,AIR.NZ
2023-08-11,0.475,BZ=F,-0.804,NZDUSD=X,2.157,^TNX,0.645,AIR.NZ
2023-08-14,-0.691,BZ=F,-0.478,NZDUSD=X,0.384,^TNX,-1.282,AIR.NZ
2023-08-15,-1.531,BZ=F,-0.164,NZDUSD=X,0.884,^TNX,0.649,AIR.NZ
2023-08-16,-1.696,BZ=F,-0.291,NZDUSD=X,0.877,^TNX,-0.645,AIR.NZ
2023-08-17,0.803,BZ=F,-0.438,NZDUSD=X,1.174,^TNX,-1.948,AIR.NZ
2023-08-18,0.808,BZ=F,-0.091,NZDUSD=X,-1.323,^TNX,0.662,AIR.NZ
2023-08-21,-0.401,BZ=F,0.015,NZDUSD=X,2.141,^TNX,-0.658,AIR.NZ
2023-08-22,-0.509,BZ=F,0.049,NZDUSD=X,-0.322,^TNX,0.0,AIR.NZ
2023-08-23,-0.976,BZ=F,0.185,NZDUSD=X,-3.004,^TNX,1.324,AIR.NZ
2023-08-24,0.18,BZ=F,0.566,NZDUSD=X,0.881,^TNX,1.307,AIR.NZ
2023-08-25,1.344,BZ=F,-0.916,NZDUSD=X,0.094,^TNX,0.645,AIR.NZ
2023-08-28,-0.071,BZ=F,-0.147,NZDUSD=X,-0.637,^TNX,1.282,AIR.NZ
2023-08-29,1.267,BZ=F,-0.057,NZDUSD=X,-2.137,^TNX,0.0,AIR.NZ
2023-08-30,0.433,BZ=F,1.016,NZDUSD=X,-0.097,^TNX,1.266,AIR.NZ
2023-08-31,1.165,BZ=F,-0.243,NZDUSD=X,-0.607,^TNX,0.625,AIR.NZ
2023-09-01,1.946,BZ=F,0.403,NZDUSD=X,1.955,^TNX,0.621,AIR.NZ
2023-09-05,1.683,BZ=F,-0.087,NZDUSD=X,2.277,^TNX,0.0,AIR.NZ
2023-09-06,0.622,BZ=F,-0.896,NZDUSD=X,0.515,^TNX,-0.606,AIR.NZ
2023-09-07,-0.751,BZ=F,-0.224,NZDUSD=X,-0.699,^TNX,1.974,AIR.NZ
2023-09-08,0.812,BZ=F,0.188,NZDUSD=X,-0.047,^TNX,-0.645,AIR.NZ
2023-09-11,-0.011,BZ=F,0.33,NZDUSD=X,0.705,^TNX,-1.948,AIR.NZ
2023-09-12,1.567,BZ=F,0.261,NZDUSD=X,-0.56,^TNX,-0.662,AIR.NZ
2023-09-13,-0.196,BZ=F,-0.117,NZDUSD=X,-0.352,^TNX,0.0,AIR.NZ
2023-09-14,1.981,BZ=F,0.176,NZDUSD=X,0.918,^TNX,0.0,AIR.NZ
2023-09-15,0.245,BZ=F,-0.242,NZDUSD=X,0.793,^TNX,0.0,AIR.NZ
2023-09-18,0.532,BZ=F,-0.01,NZDUSD=X,-0.069,^TNX,-1.333,AIR.NZ
2023-09-19,-0.095,BZ=F,0.271,NZDUSD=X,1.065,^TNX,-0.676,AIR.NZ
2023-09-20,-0.859,BZ=F,0.508,NZDUSD=X,-0.367,^TNX,0.0,AIR.NZ
2023-09-21,-0.246,BZ=F,-0.44,NZDUSD=X,3.012,^TNX,0.0,AIR.NZ
2023-09-22,-0.032,BZ=F,0.11,NZDUSD=X,-0.937,^TNX,2.041,AIR.NZ
2023-09-25,0.021,BZ=F,0.427,NZDUSD=X,2.343,^TNX,0.667,AIR.NZ
2023-09-26,0.718,BZ=F,0.171,NZDUSD=X,0.352,^TNX,-1.987,AIR.NZ
2023-09-27,2.756,BZ=F,-0.328,NZDUSD=X,1.492,^TNX,-0.676,AIR.NZ
2023-09-28,-1.212,BZ=F,-0.53,NZDUSD=X,-0.627,^TNX,-0.68,AIR.NZ
2023-09-29,-0.073,BZ=F,0.814,NZDUSD=X,-0.522,^TNX,0.0,AIR.NZ
2023-10-02,-4.826,BZ=F,0.528,NZDUSD=X,2.405,^TNX,0.685,AIR.NZ
2023-10-03,0.232,BZ=F,-0.9,NZDUSD=X,2.541,^TNX,-1.361,AIR.NZ
2023-10-04,-5.62,BZ=F,-0.478,NZDUSD=X,-1.395,^TNX,-2.069,AIR.NZ
2023-10-05,-2.028,BZ=F,0.088,NZDUSD=X,-0.38,^TNX,1.408,AIR.NZ
2023-10-06,0.607,BZ=F,0.806,NZDUSD=X,1.42,^TNX,0.0,AIR.NZ
2023-10-09,4.221,BZ=F,0.107,NZDUSD=X,0.272,^TNX,-2.083,AIR.NZ
2023-10-10,-0.567,BZ=F,0.976,NZDUSD=X,-2.96,^TNX,0.0,AIR.NZ
2023-10-11,-2.088,BZ=F,0.179,NZDUSD=X,-1.289,^TNX,0.0,AIR.NZ
2023-10-12,0.21,BZ=F,-0.371,NZDUSD=X,2.546,^TNX,-0.709,AIR.NZ
2023-10-13,5.686,BZ=F,-1.626,NZDUSD=X,-1.761,^TNX,-0.714,AIR.NZ
2023-10-16,-1.364,BZ=F,-0.253,NZDUSD=X,1.793,^TNX,0.719,AIR.NZ
2023-10-17,0.279,BZ=F,-0.086,NZDUSD=X,2.865,^TNX,-2.143,AIR.NZ
2023-10-18,1.78,BZ=F,-0.114,NZDUSD=X,1.176,^TNX,0.73,AIR.NZ
2023-10-19,0.962,BZ=F,-0.694,NZDUSD=X,1.713,^TNX,-2.174,AIR.NZ
2023-10-20,-0.238,BZ=F,-0.186,NZDUSD=X,-1.283,^TNX,0.741,AIR.NZ
2023-10-23,-2.528,BZ=F,-0.234,NZDUSD=X,-1.747,^TNX,,
2023-10-24,-1.959,BZ=F,0.374,NZDUSD=X,0.041,^TNX,-1.471,AIR.NZ
2023-10-25,2.339,BZ=F,-0.07,NZDUSD=X,2.335,^TNX,-0.746,AIR.NZ
2023-10-26,-2.441,BZ=F,-0.937,NZDUSD=X,-2.181,^TNX,-2.256,AIR.NZ
2023-10-27,2.9,BZ=F,0.634,NZDUSD=X,0.0,^TNX,0.0,AIR.NZ
2023-10-30,-3.349,BZ=F,-0.351,NZDUSD=X,0.619,^TNX,3.846,AIR.NZ
2023-10-31,-0.046,BZ=F,0.549,NZDUSD=X,0.0,^TNX,-0.741,AIR.NZ
2023-11-01,-3.18,BZ=F,-0.563,NZDUSD=X,-1.764,^TNX,0.746,AIR.NZ
2023-11-02,2.623,BZ=F,1.247,NZDUSD=X,-2.506,^TNX,0.741,AIR.NZ
2023-11-03,-2.257,BZ=F,0.272,NZDUSD=X,-2.377,^TNX,0.0,AIR.NZ
2023-11-06,0.342,BZ=F,1.701,NZDUSD=X,2.282,^TNX,-0.735,AIR.NZ
2023-11-07,-4.191,BZ=F,-0.552,NZDUSD=X,-1.952,^TNX,-2.222,AIR.NZ
2023-11-08,-2.536,BZ=F,-0.453,NZDUSD=X,-1.05,^TNX,-0.758,AIR.NZ
2023-11-09,0.591,BZ=F,-0.404,NZDUSD=X,2.366,^TNX,0.763,AIR.NZ
2023-11-10,1.775,BZ=F,-0.384,NZDUSD=X,-0.043,^TNX,-0.758,AIR.NZ
2023-11-13,1.339,BZ=F,0.083,NZDUSD=X,0.086,^TNX,0.0,AIR.NZ
2023-11-14,-0.061,BZ=F,-0.192,NZDUSD=X,-4.123,^TNX,0.763,AIR.NZ
2023-11-15,-1.564,BZ=F,2.067,NZDUSD=X,2.117,^TNX,1.515,AIR.NZ
2023-11-16,-4.632,BZ=F,0.406,NZDUSD=X,-1.985,^TNX,1.493,AIR.NZ
2023-11-17,4.12,BZ=F,-1.055,NZDUSD=X,-0.09,^TNX,-1.471,AIR.NZ
2023-11-20,2.121,BZ=F,0.518,NZDUSD=X,-0.428,^TNX,0.0,AIR.NZ
2023-11-21,0.158,BZ=F,0.727,NZDUSD=X,-0.09,^TNX,-1.493,AIR.NZ
2023-11-22,-0.594,BZ=F,0.238,NZDUSD=X,-0.045,^TNX,0.0,AIR.NZ
2023-11-23,-0.72,BZ=F,-0.543,NZDUSD=X,,,0.0,AIR.NZ
2023-11-24,-0.971,BZ=F,0.457,NZDUSD=X,1.268,^TNX,0.0,AIR.NZ
2023-11-27,-0.745,BZ=F,0.474,NZDUSD=X,-1.856,^TNX,0.0,AIR.NZ
2023-11-28,2.126,BZ=F,0.436,NZDUSD=X,-1.208,^TNX,-1.515,AIR.NZ
2023-11-29,1.738,BZ=F,0.688,NZDUSD=X,-1.499,^TNX,-0.769,AIR.NZ
2023-11-30,-0.325,BZ=F,0.161,NZDUSD=X,1.897,^TNX,3.876,AIR.NZ
2023-12-01,-4.769,BZ=F,0.029,NZDUSD=X,-2.895,^TNX,-0.746,AIR.NZ
2023-12-04,-1.078,BZ=F,0.937,NZDUSD=X,1.467,^TNX,-0.752,AIR.NZ
2023-12-05,-1.064,BZ=F,-0.811,NZDUSD=X,-2.729,^TNX,-0.758,AIR.NZ
2023-12-06,-3.756,BZ=F,-0.503,NZDUSD=X,-1.199,^TNX,0.763,AIR.NZ
2023-12-07,-0.336,BZ=F,0.106,NZDUSD=X,0.194,^TNX,0.0,AIR.NZ
2023-12-08,2.417,BZ=F,0.343,NZDUSD=X,2.809,^TNX,0.0,AIR.NZ
2023-12-11,0.251,BZ=F,-0.598,NZDUSD=X,-0.141,^TNX,-1.515,AIR.NZ
2023-12-12,-3.67,BZ=F,-0.029,NZDUSD=X,-0.778,^TNX,1.538,AIR.NZ
2023-12-13,1.393,BZ=F,0.238,NZDUSD=X,-4.113,^TNX,-3.03,AIR.NZ
2023-12-14,3.165,BZ=F,0.869,NZDUSD=X,-2.554,^TNX,0.781,AIR.NZ
2023-12-15,-0.078,BZ=F,0.363,NZDUSD=X,-0.051,^TNX,-1.55,AIR.NZ
2023-12-18,1.829,BZ=F,-0.055,NZDUSD=X,0.662,^TNX,-0.787,AIR.NZ
2023-12-19,1.642,BZ=F,0.063,NZDUSD=X,-0.809,^TNX,-2.381,AIR.NZ
2023-12-20,0.593,BZ=F,0.911,NZDUSD=X,-1.147,^TNX,0.0,AIR.NZ
2023-12-21,-0.389,BZ=F,-0.262,NZDUSD=X,0.438,^TNX,0.813,AIR.NZ
2023-12-22,-0.403,BZ=F,0.651,NZDUSD=X,0.18,^TNX,1.613,AIR.NZ
2023-12-26,2.529,BZ=F,-0.21,NZDUSD=X,-0.385,^TNX,,
2023-12-27,-1.752,BZ=F,0.357,NZDUSD=X,-2.496,^TNX,0.794,AIR.NZ
2023-12-28,-1.582,BZ=F,0.331,NZDUSD=X,1.61,^TNX,0.787,AIR.NZ
2023-12-29,-1.722,BZ=F,-0.23,NZDUSD=X,0.416,^TNX,-0.781,AIR.NZ
2024-01-02,-1.493,BZ=F,-0.07,NZDUSD=X,2.069,^TNX,,
2024-01-03,3.11,BZ=F,-1.034,NZDUSD=X,-0.988,^TNX,1.575,AIR.NZ
2024-01-04,-0.843,BZ=F,0.021,NZDUSD=X,2.15,^TNX,0.0,AIR.NZ
2024-01-05,1.508,BZ=F,-0.32,NZDUSD=X,1.278,^TNX,0.775,AIR.NZ
2024-01-08,-3.352,BZ=F,0.281,NZDUSD=X,-0.99,^TNX,-1.538,AIR.NZ
2024-01-09,1.931,BZ=F,0.048,NZDUSD=X,0.425,^TNX,0.781,AIR.NZ
2024-01-10,-1.018,BZ=F,-0.216,NZDUSD=X,0.274,^TNX,0.0,AIR.NZ
2024-01-11,0.794,BZ=F,-0.14,NZDUSD=X,-1.315,^TNX,-0.775,AIR.NZ
2024-01-12,1.137,BZ=F,0.204,NZDUSD=X,-0.679,^TNX,0.781,AIR.NZ
2024-01-16,0.0,BZ=F,-0.679,NZDUSD=X,2.937,^TNX,0.787,AIR.NZ
2024-01-17,-0.524,BZ=F,-0.804,NZDUSD=X,0.984,^TNX,0.781,AIR.NZ
2024-01-18,1.567,BZ=F,-0.448,NZDUSD=X,0.925,^TNX,-0.775,AIR.NZ
2024-01-19,-0.683,BZ=F,0.112,NZDUSD=X,0.048,^TNX,0.781,AIR.NZ
2024-01-22,1.909,BZ=F,-0.032,NZDUSD=X,-1.254,^TNX,0.775,AIR.NZ
2024-01-23,-0.637,BZ=F,-0.726,NZDUSD=X,1.172,^TNX,-0.769,AIR.NZ
2024-01-24,0.616,BZ=F,0.486,NZDUSD=X,0.869,^TNX,0.0,AIR.NZ
2024-01-25,2.986,BZ=F,0.085,NZDUSD=X,-1.101,^TNX,0.0,AIR.NZ
2024-01-26,1.359,BZ=F,0.005,NZDUSD=X,0.678,^TNX,0.0,AIR.NZ
2024-01-29,-1.376,BZ=F,-0.262,NZDUSD=X,-1.659,^TNX,0.775,AIR.NZ
2024-01-30,0.57,BZ=F,0.688,NZDUSD=X,-0.782,^TNX,-0.769,AIR.NZ
2024-01-31,-1.4,BZ=F,-0.049,NZDUSD=X,-2.267,^TNX,-1.55,AIR.NZ
2024-02-01,-3.684,BZ=F,-0.325,NZDUSD=X,-2.622,^TNX,0.787,AIR.NZ
2024-02-02,-1.741,BZ=F,0.553,NZDUSD=X,4.401,^TNX,0.0,AIR.NZ
2024-02-05,0.853,BZ=F,-1.321,NZDUSD=X,3.248,^TNX,0.0,AIR.NZ
2024-02-06,0.769,BZ=F,-0.188,NZDUSD=X,-1.777,^TNX,,
2024-02-07,0.789,BZ=F,0.772,NZDUSD=X,0.489,^TNX,0.0,AIR.NZ
2024-02-08,3.055,BZ=F,0.161,NZDUSD=X,1.46,^TNX,0.781,AIR.NZ
2024-02-09,0.686,BZ=F,-0.027,NZDUSD=X,0.408,^TNX,-0.775,AIR.NZ
2024-02-12,-0.231,BZ=F,0.652,NZDUSD=X,-0.358,^TNX,0.0,AIR.NZ
2024-02-13,0.939,BZ=F,-0.322,NZDUSD=X,3.452,^TNX,0.0,AIR.NZ
2024-02-14,-1.414,BZ=F,-1.144,NZDUSD=X,-1.135,^TNX,-0.781,AIR.NZ
2024-02-15,1.544,BZ=F,0.541,NZDUSD=X,-0.633,^TNX,1.575,AIR.NZ
2024-02-16,0.736,BZ=F,0.338,NZDUSD=X,1.297,^TNX,-0.775,AIR.NZ
2024-02-20,-1.354,BZ=F,0.101,NZDUSD=X,-0.466,^TNX,-1.613,AIR.NZ
2024-02-21,0.838,BZ=F,0.417,NZDUSD=X,1.17,^TNX,0.82,AIR.NZ
2024-02-22,0.771,BZ=F,0.197,NZDUSD=X,0.046,^TNX,-0.813,AIR.NZ
2024-02-23,-2.45,BZ=F,0.242,NZDUSD=X,-1.548,^TNX,-1.639,AIR.NZ
2024-02-26,1.115,BZ=F,-0.135,NZDUSD=X,0.915,^TNX,-0.833,AIR.NZ
2024-02-27,1.357,BZ=F,-0.32,NZDUSD=X,0.372,^TNX,0.0,AIR.NZ
2024-02-28,0.036,BZ=F,0.052,NZDUSD=X,-0.95,^TNX,-0.84,AIR.NZ
2024-02-29,-0.072,BZ=F,-1.186,NZDUSD=X,-0.515,^TNX,4.237,AIR.NZ
2024-03-01,-0.084,BZ=F,-0.185,NZDUSD=X,-1.693,^TNX,-1.626,AIR.NZ
2024-03-04,-0.898,BZ=F,0.296,NZDUSD=X,0.933,^TNX,0.0,AIR.NZ
2024-03-05,-0.918,BZ=F,-0.118,NZDUSD=X,-1.944,^TNX,0.0,AIR.NZ
2024-03-06,1.121,BZ=F,-0.144,NZDUSD=X,-0.798,^TNX,0.826,AIR.NZ
2024-03-07,0.0,BZ=F,0.659,NZDUSD=X,-0.292,^TNX,0.847,AIR.NZ
2024-03-08,-1.061,BZ=F,0.83,NZDUSD=X,-0.073,^TNX,0.84,AIR.NZ
2024-03-11,0.158,BZ=F,0.01,NZDUSD=X,0.367,^TNX,-0.833,AIR.NZ
2024-03-12,-0.353,BZ=F,-0.139,NZDUSD=X,1.243,^TNX,-0.84,AIR.NZ
2024-03-13,2.576,BZ=F,-0.343,NZDUSD=X,0.89,^TNX,0.0,AIR.NZ
2024-03-14,1.654,BZ=F,0.25,NZDUSD=X,2.529,^TNX,0.847,AIR.NZ
2024-03-15,-0.094,BZ=F,-0.652,NZDUSD=X,0.14,^TNX,1.681,AIR.NZ
2024-03-18,1.816,BZ=F,-0.617,NZDUSD=X,0.836,^TNX,-1.653,AIR.NZ
2024-03-19,0.564,BZ=F,-0.071,NZDUSD=X,-0.991,^TNX,0.84,AIR.NZ
2024-03-20,-1.637,BZ=F,-0.554,NZDUSD=X,-0.559,^TNX,-0.833,AIR.NZ
2024-03-21,-0.198,BZ=F,0.672,NZDUSD=X,-0.047,^TNX,0.84,AIR.NZ
2024-03-22,-0.408,BZ=F,-0.71,NZDUSD=X,-1.241,^TNX,0.0,AIR.NZ
2024-03-25,1.545,BZ=F,-0.929,NZDUSD=X,0.83,^TNX,-0.833,AIR.NZ
2024-03-26,-0.576,BZ=F,0.19,NZDUSD=X,-0.447,^TNX,0.84,AIR.NZ
2024-03-27,-0.186,BZ=F,0.1,NZDUSD=X,-0.897,^TNX,0.0,AIR.NZ
2024-03-28,1.615,BZ=F,-0.251,NZDUSD=X,0.238,^TNX,0.833,AIR.NZ
2024-04-01,-0.069,BZ=F,0.199,NZDUSD=X,2.924,^TNX,,
2024-04-02,1.716,BZ=F,-0.571,NZDUSD=X,0.832,^TNX,0.826,AIR.NZ
2024-04-03,0.484,BZ=F,0.285,NZDUSD=X,-0.229,^TNX,0.0,AIR.NZ
2024-04-04,1.455,BZ=F,0.759,NZDUSD=X,-1.056,^TNX,-0.82,AIR.NZ
2024-04-05,0.574,BZ=F,0.218,NZDUSD=X,1.601,^TNX,0.826,AIR.NZ
2024-04-08,-0.867,BZ=F,-0.387,NZDUSD=X,1.051,^TNX,-0.82,AIR.NZ
2024-04-09,-1.062,BZ=F,0.498,NZDUSD=X,-1.311,^TNX,0.0,AIR.NZ
2024-04-10,1.185,BZ=F,0.556,NZDUSD=X,4.443,^TNX,0.0,AIR.NZ
2024-04-11,-0.818,BZ=F,-1.538,NZDUSD=X,0.351,^TNX,0.0,AIR.NZ
2024-04-12,0.791,BZ=F,0.445,NZDUSD=X,-1.683,^TNX,0.0,AIR.NZ
2024-04-15,-0.387,BZ=F,-0.927,NZDUSD=X,2.867,^TNX,0.0,AIR.NZ
2024-04-16,-0.089,BZ=F,-0.72,NZDUSD=X,0.67,^TNX,-2.479,AIR.NZ
2024-04-17,-3.033,BZ=F,-0.181,NZDUSD=X,-1.588,^TNX,-0.847,AIR.NZ
2024-04-18,-0.206,BZ=F,0.355,NZDUSD=X,1.352,^TNX,0.0,AIR.NZ
2024-04-19,0.207,BZ=F,-0.161,NZDUSD=X,-0.689,^TNX,-2.564,AIR.NZ
2024-04-22,-0.332,BZ=F,-0.054,NZDUSD=X,0.173,^TNX,0.0,AIR.NZ
2024-04-23,1.632,BZ=F,0.354,NZDUSD=X,-0.541,^TNX,-1.754,AIR.NZ
2024-04-24,-0.452,BZ=F,0.265,NZDUSD=X,1.174,^TNX,-0.893,AIR.NZ
2024-04-25,1.125,BZ=F,-0.017,NZDUSD=X,1.161,^TNX,,
2024-04-26,0.55,BZ=F,0.379,NZDUSD=X,-0.786,^TNX,-1.802,AIR.NZ
2024-04-29,-1.229,BZ=F,-0.18,NZDUSD=X,-1.178,^TNX,0.917,AIR.NZ
2024-04-30,-0.611,BZ=F,0.402,NZDUSD=X,1.56,^TNX,0.0,AIR.NZ
2024-05-01,-5.031,BZ=F,-1.542,NZDUSD=X,-1.942,^TNX,-0.909,AIR.NZ
2024-05-02,0.276,BZ=F,0.86,NZDUSD=X,-0.522,^TNX,-0.917,AIR.NZ
2024-05-03,-0.849,BZ=F,0.57,NZDUSD=X,-1.553,^TNX,-0.926,AIR.NZ
2024-05-06,0.446,BZ=F,0.733,NZDUSD=X,-0.244,^TNX,-2.804,AIR.NZ
2024-05-07,-0.204,BZ=F,0.032,NZDUSD=X,-0.579,^TNX,0.0,AIR.NZ
2024-05-08,0.505,BZ=F,-0.205,NZDUSD=X,0.65,^TNX,5.769,AIR.NZ
2024-05-09,0.359,BZ=F,0.117,NZDUSD=X,-0.957,^TNX,0.909,AIR.NZ
2024-05-10,-1.299,BZ=F,0.533,NZDUSD=X,1.236,^TNX,0.0,AIR.NZ
2024-05-13,0.688,BZ=F,-0.293,NZDUSD=X,-0.511,^TNX,0.0,AIR.NZ
2024-05-14,-1.176,BZ=F,0.081,NZDUSD=X,-0.803,^TNX,-3.604,AIR.NZ
2024-05-15,0.449,BZ=F,0.33,NZDUSD=X,-2.002,^TNX,0.935,AIR.NZ
2024-05-16,0.628,BZ=F,1.445,NZDUSD=X,0.482,^TNX,-0.926,AIR.NZ
2024-05-17,0.853,BZ=F,-0.104,NZDUSD=X,0.982,^TNX,0.0,AIR.NZ
2024-05-20,-0.322,BZ=F,0.204,NZDUSD=X,0.385,^TNX,0.935,AIR.NZ
2024-05-21,-0.992,BZ=F,-0.466,NZDUSD=X,-0.518,^TNX,0.0,AIR.NZ
2024-05-22,-1.182,BZ=F,-0.234,NZDUSD=X,0.453,^TNX,-1.852,AIR.NZ
2024-05-23,-0.659,BZ=F,0.103,NZDUSD=X,0.925,^TNX,0.943,AIR.NZ
2024-05-24,0.934,BZ=F,-0.046,NZDUSD=X,-0.179,^TNX,-0.935,AIR.NZ
2024-05-28,2.557,BZ=F,0.5,NZDUSD=X,1.679,^TNX,0.952,AIR.NZ
2024-05-29,-0.736,BZ=F,-0.189,NZDUSD=X,1.805,^TNX,-0.943,AIR.NZ
2024-05-30,-2.081,BZ=F,-0.441,NZDUSD=X,-1.514,^TNX,-0.952,AIR.NZ
2024-05-31,-0.293,BZ=F,0.048,NZDUSD=X,-0.878,^TNX,3.846,AIR.NZ
2024-06-03,-3.994,BZ=F,0.524,NZDUSD=X,-2.481,^TNX,,
2024-06-04,-1.072,BZ=F,0.732,NZDUSD=X,-1.499,^TNX,-0.926,AIR.NZ
2024-06-05,1.148,BZ=F,-0.305,NZDUSD=X,-1.084,^TNX,-0.935,AIR.NZ
2024-06-06,1.862,BZ=F,0.349,NZDUSD=X,-0.187,^TNX,0.0,AIR.NZ
2024-06-07,-0.313,BZ=F,0.012,NZDUSD=X,3.48,^TNX,0.943,AIR.NZ
2024-06-10,2.524,BZ=F,-1.465,NZDUSD=X,0.88,^TNX,-0.935,AIR.NZ
2024-06-11,0.355,BZ=F,0.362,NZDUSD=X,-1.454,^TNX,0.0,AIR.NZ
2024-06-12,0.83,BZ=F,0.289,NZDUSD=X,-2.475,^TNX,1.887,AIR.NZ
2024-06-13,0.182,BZ=F,0.664,NZDUSD=X,-1.327,^TNX,0.926,AIR.NZ
2024-06-14,-0.157,BZ=F,-0.417,NZDUSD=X,-0.59,^TNX,0.0,AIR.NZ
2024-06-17,1.973,BZ=F,-0.383,NZDUSD=X,1.567,^TNX,0.0,AIR.NZ
2024-06-18,1.282,BZ=F,0.01,NZDUSD=X,-1.449,^TNX,-1.835,AIR.NZ
2024-06-20,0.445,BZ=F,-0.019,NZDUSD=X,0.877,^TNX,-0.935,AIR.NZ
2024-06-21,-0.548,BZ=F,-0.271,NZDUSD=X,0.071,^TNX,1.887,AIR.NZ
2024-06-24,0.903,BZ=F,-0.189,NZDUSD=X,-0.211,^TNX,0.0,AIR.NZ
2024-06-25,-1.163,BZ=F,0.152,NZDUSD=X,-0.235,^TNX,0.0,AIR.NZ
2024-06-26,0.282,BZ=F,-0.023,NZDUSD=X,1.84,^TNX,-1.852,AIR.NZ
2024-06-27,1.337,BZ=F,-0.634,NZDUSD=X,-0.649,^TNX,0.0,AIR.NZ
2024-06-28,0.023,BZ=F,0.072,NZDUSD=X,1.283,^TNX,,
2024-07-01,0.22,BZ=F,0.238,NZDUSD=X,3.131,^TNX,0.0,AIR.NZ
2024-07-02,-0.416,BZ=F,-0.564,NZDUSD=X,-0.96,^TNX,0.943,AIR.NZ
2024-07-03,1.276,BZ=F,0.287,NZDUSD=X,-1.826,^TNX,0.0,AIR.NZ
2024-07-05,-0.916,BZ=F,0.101,NZDUSD=X,-1.906,^TNX,0.943,AIR.NZ
2024-07-08,-0.913,BZ=F,0.453,NZDUSD=X,-0.07,^TNX,-1.869,AIR.NZ
2024-07-09,-1.271,BZ=F,-0.161,NZDUSD=X,0.726,^TNX,0.952,AIR.NZ
2024-07-10,0.496,BZ=F,-0.067,NZDUSD=X,-0.465,^TNX,0.943,AIR.NZ
2024-07-11,0.376,BZ=F,-0.639,NZDUSD=X,-2.033,^TNX,0.0,AIR.NZ
2024-07-12,-0.433,BZ=F,0.108,NZDUSD=X,-0.095,^TNX,0.935,AIR.NZ
2024-07-15,-0.212,BZ=F,0.015,NZDUSD=X,0.955,^TNX,0.926,AIR.NZ
2024-07-16,-1.32,BZ=F,-0.307,NZDUSD=X,-1.466,^TNX,0.0,AIR.NZ
2024-07-17,1.612,BZ=F,-0.127,NZDUSD=X,-0.504,^TNX,0.0,AIR.NZ
2024-07-18,0.035,BZ=F,0.19,NZDUSD=X,1.037,^TNX,1.835,AIR.NZ
2024-07-19,-2.914,BZ=F,-0.606,NZDUSD=X,1.194,^TNX,0.0,AIR.NZ
2024-07-22,-0.278,BZ=F,-0.324,NZDUSD=X,0.495,^TNX,2.703,AIR.NZ
2024-07-23,-1.687,BZ=F,-0.759,NZDUSD=X,-0.493,^TNX,1.754,AIR.NZ
2024-07-24,0.864,BZ=F,-0.428,NZDUSD=X,1.109,^TNX,4.31,AIR.NZ
2024-07-25,0.808,BZ=F,-0.43,NZDUSD=X,-0.7,^TNX,-0.826,AIR.NZ
2024-07-26,-1.505,BZ=F,-0.633,NZDUSD=X,-1.316,^TNX,-3.333,AIR.NZ
2024-07-29,-1.664,BZ=F,-0.014,NZDUSD=X,-0.524,^TNX,0.862,AIR.NZ
2024-07-30,-1.441,BZ=F,-0.199,NZDUSD=X,-0.838,^TNX,0.0,AIR.NZ
2024-07-31,2.658,BZ=F,0.42,NZDUSD=X,-0.821,^TNX,-0.855,AIR.NZ
2024-08-01,-1.487,BZ=F,0.844,NZDUSD=X,-3.237,^TNX,1.724,AIR.NZ
2024-08-02,-3.408,BZ=F,-0.262,NZDUSD=X,-4.628,^TNX,-0.847,AIR.NZ
2024-08-05,-0.664,BZ=F,0.182,NZDUSD=X,-0.185,^TNX,-3.419,AIR.NZ
2024-08-06,0.236,BZ=F,0.059,NZDUSD=X,2.721,^TNX,-0.885,AIR.NZ
2024-08-07,2.419,BZ=F,0.397,NZDUSD=X,2.058,^TNX,-1.786,AIR.NZ
2024-08-08,1.06,BZ=F,0.201,NZDUSD=X,0.731,^TNX,0.0,AIR.NZ
2024-08-09,0.632,BZ=F,0.35,NZDUSD=X,-1.376,^TNX,0.0,AIR.NZ
2024-08-12,3.314,BZ=F,-0.201,NZDUSD=X,-0.837,^TNX,0.909,AIR.NZ
2024-08-13,-1.956,BZ=F,0.475,NZDUSD=X,-1.458,^TNX,-0.901,AIR.NZ
2024-08-14,-1.153,BZ=F,0.926,NZDUSD=X,-0.831,^TNX,0.909,AIR.NZ
2024-08-15,1.605,BZ=F,-1.291,NZDUSD=X,2.775,^TNX,1.802,AIR.NZ
2024-08-16,-1.678,BZ=F,-0.33,NZDUSD=X,-0.866,^TNX,0.885,AIR.NZ
2024-08-19,-2.535,BZ=F,1.281,NZDUSD=X,-0.642,^TNX,0.0,AIR.NZ
2024-08-20,-0.592,BZ=F,0.994,NZDUSD=X,-1.267,^TNX,1.754,AIR.NZ
2024-08-21,-1.49,BZ=F,0.649,NZDUSD=X,-1.048,^TNX,-1.724,AIR.NZ
2024-08-22,1.538,BZ=F,0.083,NZDUSD=X,2.223,^TNX,-0.877,AIR.NZ
2024-08-23,2.331,BZ=F,-0.307,NZDUSD=X,-1.424,^TNX,0.0,AIR.NZ
2024-08-26,3.05,BZ=F,1.31,NZDUSD=X,0.289,^TNX,-0.885,AIR.NZ
2024-08-27,-2.309,BZ=F,-0.298,NZDUSD=X,0.393,^TNX,0.0,AIR.NZ
2024-08-28,-1.131,BZ=F,0.622,NZDUSD=X,0.209,^TNX,0.0,AIR.NZ
2024-08-29,1.64,BZ=F,0.054,NZDUSD=X,0.677,^TNX,-0.893,AIR.NZ
2024-08-30,-1.426,BZ=F,0.253,NZDUSD=X,1.138,^TNX,-1.802,AIR.NZ
2024-09-03,-6.409,BZ=F,-0.312,NZDUSD=X,-1.713,^TNX,0.901,AIR.NZ
2024-09-04,-1.424,BZ=F,-0.692,NZDUSD=X,-1.977,^TNX,-1.786,AIR.NZ
2024-09-05,-0.014,BZ=F,-0.011,NZDUSD=X,-0.982,^TNX,1.818,AIR.NZ
2024-09-06,-2.242,BZ=F,0.609,NZDUSD=X,-0.563,^TNX,-0.893,AIR.NZ
2024-09-09,1.098,BZ=F,-0.853,NZDUSD=X,-0.35,^TNX,-0.901,AIR.NZ
2024-09-10,-3.689,BZ=F,-0.47,NZDUSD=X,-1.38,^TNX,-0.909,AIR.NZ
2024-09-11,2.052,BZ=F,0.127,NZDUSD=X,0.192,^TNX,0.0,AIR.NZ
2024-09-12,1.926,BZ=F,-0.291,NZDUSD=X,0.739,^TNX,2.83,AIR.NZ
2024-09-13,-0.5,BZ=F,0.894,NZDUSD=X,-0.815,^TNX,0.0,AIR.NZ
2024-09-16,1.592,BZ=F,-0.37,NZDUSD=X,-0.795,^TNX,-1.835,AIR.NZ
2024-09-17,1.306,BZ=F,0.519,NZDUSD=X,0.58,^TNX,0.0,AIR.NZ
2024-09-18,-0.068,BZ=F,-0.034,NZDUSD=X,1.181,^TNX,0.0,AIR.NZ
2024-09-19,1.67,BZ=F,0.241,NZDUSD=X,1.493,^TNX,0.935,AIR.NZ
2024-09-20,-0.521,BZ=F,0.453,NZDUSD=X,-0.321,^TNX,-0.926,AIR.NZ
2024-09-23,-0.792,BZ=F,-0.013,NZDUSD=X,0.295,^TNX,0.0,AIR.NZ
2024-09-24,1.719,BZ=F,0.497,NZDUSD=X,-0.08,^TNX,-1.869,AIR.NZ
2024-09-25,-2.275,BZ=F,1.356,NZDUSD=X,1.204,^TNX,0.0,AIR.NZ
2024-09-26,-2.532,BZ=F,-1.495,NZDUSD=X,0.264,^TNX,1.905,AIR.NZ
2024-09-27,0.531,BZ=F,1.183,NZDUSD=X,-1.108,^TNX,-0.935,AIR.NZ
2024-09-30,-0.292,BZ=F,0.294,NZDUSD=X,1.414,^TNX,0.0,AIR.NZ
2024-10-01,2.494,BZ=F,-0.071,NZDUSD=X,-1.552,^TNX,0.943,AIR.NZ
2024-10-02,0.462,BZ=F,-0.982,NZDUSD=X,1.122,^TNX,-1.869,AIR.NZ
2024-10-03,5.034,BZ=F,-0.347,NZDUSD=X,1.717,^TNX,1.905,AIR.NZ
2024-10-04,0.554,BZ=F,-0.701,NZDUSD=X,3.403,^TNX,0.0,AIR.NZ
2024-10-07,3.69,BZ=F,-0.909,NZDUSD=X,1.13,^TNX,0.0,AIR.NZ
2024-10-08,-4.634,BZ=F,-0.524,NZDUSD=X,0.174,^TNX,-0.935,AIR.NZ
2024-10-09,-0.777,BZ=F,0.047,NZDUSD=X,0.843,^TNX,1.887,AIR.NZ
2024-10-10,3.682,BZ=F,-0.987,NZDUSD=X,0.713,^TNX,-1.852,AIR.NZ
2024-10-11,-0.453,BZ=F,0.413,NZDUSD=X,-0.562,^TNX,0.943,AIR.NZ
2024-10-14,-1.999,BZ=F,-0.071,NZDUSD=X,0.614,^TNX,0.935,AIR.NZ
2024-10-15,-4.144,BZ=F,-0.034,NZDUSD=X,-1.464,^TNX,-0.926,AIR.NZ
2024-10-16,-0.04,BZ=F,-0.547,NZDUSD=X,-0.545,^TNX,-0.935,AIR.NZ
2024-10-17,0.31,BZ=F,0.039,NZDUSD=X,1.992,^TNX,1.887,AIR.NZ
2024-10-18,-1.867,BZ=F,0.033,NZDUSD=X,-0.562,^TNX,-0.926,AIR.NZ
2024-10-21,1.684,BZ=F,0.264,NZDUSD=X,2.676,^TNX,0.935,AIR.NZ
2024-10-22,2.356,BZ=F,-0.879,NZDUSD=X,0.526,^TNX,0.0,AIR.NZ
2024-10-23,-1.42,BZ=F,0.374,NZDUSD=X,0.904,^TNX,0.0,AIR.NZ
2024-10-24,-0.774,BZ=F,-0.655,NZDUSD=X,-0.99,^TNX,0.0,AIR.NZ
2024-10-25,2.245,BZ=F,0.037,NZDUSD=X,0.762,^TNX,-1.852,AIR.NZ
2024-10-28,-6.088,BZ=F,-0.489,NZDUSD=X,1.087,^TNX,,
2024-10-29,-0.42,BZ=F,0.122,NZDUSD=X,-0.093,^TNX,0.0,AIR.NZ
2024-10-30,2.011,BZ=F,-0.253,NZDUSD=X,-0.187,^TNX,-0.943,AIR.NZ
2024-10-31,0.841,BZ=F,-0.001,NZDUSD=X,0.422,^TNX,-1.905,AIR.NZ
2024-11-01,-0.082,BZ=F,0.007,NZDUSD=X,1.797,^TNX,0.0,AIR.NZ
2024-11-04,2.709,BZ=F,0.266,NZDUSD=X,-1.192,^TNX,0.971,AIR.NZ
2024-11-05,0.599,BZ=F,-0.229,NZDUSD=X,-0.464,^TNX,2.885,AIR.NZ
2024-11-06,-0.808,BZ=F,0.718,NZDUSD=X,3.194,^TNX,0.0,AIR.NZ
2024-11-07,0.948,BZ=F,-1.293,NZDUSD=X,-1.92,^TNX,-0.935,AIR.NZ
2024-11-08,-2.327,BZ=F,1.406,NZDUSD=X,-0.806,^TNX,1.887,AIR.NZ
2024-11-11,-2.762,BZ=F,-0.93,NZDUSD=X,0.046,^TNX,-1.852,AIR.NZ
2024-11-12,0.084,BZ=F,0.047,NZDUSD=X,2.878,^TNX,0.943,AIR.NZ
2024-11-13,0.542,BZ=F,-0.768,NZDUSD=X,0.429,^TNX,0.0,AIR.NZ
2024-11-14,0.387,BZ=F,-0.682,NZDUSD=X,-0.741,^TNX,0.0,AIR.NZ
2024-11-15,-2.095,BZ=F,-0.563,NZDUSD=X,0.226,^TNX,-0.935,AIR.NZ
2024-11-18,3.181,BZ=F,0.229,NZDUSD=X,-0.316,^TNX,-0.943,AIR.NZ
2024-11-19,0.014,BZ=F,0.469,NZDUSD=X,-0.793,^TNX,0.952,AIR.NZ
2024-11-20,-0.682,BZ=F,0.491,NZDUSD=X,0.617,^TNX,0.0,AIR.NZ
2024-11-21,1.95,BZ=F,-0.602,NZDUSD=X,0.59,^TNX,0.0,AIR.NZ
2024-11-22,1.266,BZ=F,-0.452,NZDUSD=X,-0.496,^TNX,0.943,AIR.NZ
2024-11-25,-2.873,BZ=F,0.08,NZDUSD=X,-3.288,^TNX,2.804,AIR.NZ
2024-11-26,-0.274,BZ=F,-0.867,NZDUSD=X,0.868,^TNX,0.0,AIR.NZ
2024-11-27,0.027,BZ=F,0.444,NZDUSD=X,-1.395,^TNX,1.818,AIR.NZ
2024-11-29,0.151,BZ=F,0.051,NZDUSD=X,-1.509,^TNX,0.909,AIR.NZ
2024-12-02,-1.522,BZ=F,0.171,NZDUSD=X,0.431,^TNX,0.0,AIR.NZ
2024-12-03,2.492,BZ=F,-0.371,NZDUSD=X,0.643,^TNX,0.0,AIR.NZ
2024-12-04,-1.779,BZ=F,-0.042,NZDUSD=X,-1.018,^TNX,0.0,AIR.NZ
2024-12-05,-0.304,BZ=F,-0.423,NZDUSD=X,0.0,^TNX,0.0,AIR.NZ
2024-12-06,-1.346,BZ=F,0.427,NZDUSD=X,-0.694,^TNX,0.0,AIR.NZ
2024-12-09,1.434,BZ=F,-0.738,NZDUSD=X,1.156,^TNX,0.0,AIR.NZ
2024-12-10,0.069,BZ=F,0.346,NZDUSD=X,0.524,^TNX,0.0,AIR.NZ
2024-12-11,1.842,BZ=F,-0.969,NZDUSD=X,1.185,^TNX,0.901,AIR.NZ
2024-12-12,-0.15,BZ=F,-0.138,NZDUSD=X,1.241,^TNX,-0.893,AIR.NZ
2024-12-13,1.471,BZ=F,-0.413,NZDUSD=X,1.735,^TNX,1.802,AIR.NZ
2024-12-16,-0.779,BZ=F,0.007,NZDUSD=X,-0.045,^TNX,-0.885,AIR.NZ
2024-12-17,-0.974,BZ=F,0.369,NZDUSD=X,-0.273,^TNX,-0.893,AIR.NZ
2024-12-18,0.273,BZ=F,-0.585,NZDUSD=X,2.486,^TNX,0.901,AIR.NZ
2024-12-19,-0.695,BZ=F,-2.445,NZDUSD=X,1.691,^TNX,0.893,AIR.NZ
2024-12-20,0.082,BZ=F,0.181,NZDUSD=X,-1.007,^TNX,1.77,AIR.NZ
2024-12-23,-0.425,BZ=F,0.428,NZDUSD=X,1.658,^TNX,0.87,AIR.NZ
2024-12-24,1.308,BZ=F,-0.089,NZDUSD=X,-0.174,^TNX,0.862,AIR.NZ
2024-12-26,-0.435,BZ=F,0.051,NZDUSD=X,-0.261,^TNX,,
2024-12-27,1.242,BZ=F,-0.448,NZDUSD=X,0.874,^TNX,1.709,AIR.NZ
2024-12-30,0.297,BZ=F,0.245,NZDUSD=X,-1.602,^TNX,0.0,AIR.NZ
2024-12-31,0.336,BZ=F,0.006,NZDUSD=X,0.616,^TNX,0.84,AIR.NZ
2025-01-02,1.728,BZ=F,-0.732,NZDUSD=X,0.044,^TNX,,
2025-01-03,0.764,BZ=F,-0.097,NZDUSD=X,0.459,^TNX,-1.667,AIR.NZ
2025-01-06,-0.274,BZ=F,0.413,NZDUSD=X,0.479,^TNX,0.0,AIR.NZ
2025-01-07,0.983,BZ=F,0.41,NZDUSD=X,1.408,^TNX,1.695,AIR.NZ
2025-01-08,-1.155,BZ=F,-0.064,NZDUSD=X,0.214,^TNX,0.0,AIR.NZ
2025-01-09,0.998,BZ=F,-0.534,NZDUSD=X,,,-1.667,AIR.NZ
2025-01-10,3.692,BZ=F,-0.212,NZDUSD=X,1.769,^TNX,0.847,AIR.NZ
2025-01-13,1.567,BZ=F,-0.513,NZDUSD=X,0.565,^TNX,-0.84,AIR.NZ
2025-01-14,-1.346,BZ=F,0.708,NZDUSD=X,-0.312,^TNX,0.847,AIR.NZ
2025-01-15,2.64,BZ=F,-0.021,NZDUSD=X,-2.82,^TNX,0.0,AIR.NZ
2025-01-16,-0.902,BZ=F,0.451,NZDUSD=X,-1.01,^TNX,0.84,AIR.NZ
2025-01-17,-0.615,BZ=F,-0.359,NZDUSD=X,0.065,^TNX,3.333,AIR.NZ
2025-01-21,-1.857,BZ=F,1.691,NZDUSD=X,-0.759,^TNX,0.0,AIR.NZ
2025-01-22,-0.366,BZ=F,-0.367,NZDUSD=X,0.547,^TNX,-0.82,AIR.NZ
2025-01-23,-0.899,BZ=F,0.048,NZDUSD=X,0.848,^TNX,1.653,AIR.NZ
2025-01-24,0.268,BZ=F,0.21,NZDUSD=X,-0.259,^TNX,0.0,AIR.NZ
2025-01-27,-1.809,BZ=F,0.296,NZDUSD=X,-2.118,^TNX,0.813,AIR.NZ
2025-01-28,0.532,BZ=F,-0.423,NZDUSD=X,0.508,^TNX,-0.806,AIR.NZ
2025-01-29,-1.174,BZ=F,-0.046,NZDUSD=X,0.088,^TNX,0.813,AIR.NZ
2025-01-30,0.379,BZ=F,-0.007,NZDUSD=X,-0.944,^TNX,0.0,AIR.NZ
2025-01-31,-0.143,BZ=F,-0.508,NZDUSD=X,1.263,^TNX,1.613,AIR.NZ
2025-02-03,-1.042,BZ=F,-1.185,NZDUSD=X,-0.569,^TNX,0.0,AIR.NZ
2025-02-04,0.316,BZ=F,1.027,NZDUSD=X,-0.66,^TNX,0.794,AIR.NZ
2025-02-05,-2.087,BZ=F,0.384,NZDUSD=X,-2.016,^TNX,0.0,AIR.NZ
2025-02-06,-0.429,BZ=F,0.724,NZDUSD=X,0.407,^TNX,,
2025-02-07,0.498,BZ=F,-0.253,NZDUSD=X,1.059,^TNX,-1.575,AIR.NZ
2025-02-10,1.621,BZ=F,-0.485,NZDUSD=X,0.134,^TNX,0.8,AIR.NZ
2025-02-11,1.489,BZ=F,-0.219,NZDUSD=X,0.979,^TNX,0.794,AIR.NZ
2025-02-12,-2.364,BZ=F,0.431,NZDUSD=X,2.204,^TNX,0.787,AIR.NZ
2025-02-13,-0.213,BZ=F,-0.316,NZDUSD=X,-2.415,^TNX,0.0,AIR.NZ
2025-02-14,-0.373,BZ=F,0.684,NZDUSD=X,-1.171,^TNX,0.0,AIR.NZ
2025-02-18,1.472,BZ=F,-0.012,NZDUSD=X,1.61,^TNX,0.0,AIR.NZ
2025-02-19,0.264,BZ=F,-0.473,NZDUSD=X,-0.198,^TNX,-1.575,AIR.NZ
2025-02-20,0.579,BZ=F,-0.07,NZDUSD=X,-0.772,^TNX,0.8,AIR.NZ
2025-02-21,-2.68,BZ=F,1.107,NZDUSD=X,-1.778,^TNX,0.794,AIR.NZ
2025-02-24,0.47,BZ=F,-0.227,NZDUSD=X,-0.611,^TNX,-4.724,AIR.NZ
2025-02-25,-2.354,BZ=F,-0.428,NZDUSD=X,-2.163,^TNX,-0.826,AIR.NZ
2025-02-26,-0.671,BZ=F,0.079,NZDUSD=X,-1.14,^TNX,0.0,AIR.NZ
2025-02-27,2.082,BZ=F,-0.544,NZDUSD=X,0.847,^TNX,2.5,AIR.NZ
2025-02-28,-1.162,BZ=F,-1.275,NZDUSD=X,-1.26,^TNX,1.626,AIR.NZ
2025-03-03,-2.132,BZ=F,-0.391,NZDUSD=X,-1.205,^TNX,0.0,AIR.NZ
2025-03-04,-0.81,BZ=F,0.147,NZDUSD=X,0.718,^TNX,-0.8,AIR.NZ
2025-03-05,-2.449,BZ=F,0.858,NZDUSD=X,1.306,^TNX,0.0,AIR.NZ
2025-03-06,0.231,BZ=F,1.201,NZDUSD=X,0.492,^TNX,-2.058,AIR.NZ
2025-03-07,1.296,BZ=F,0.122,NZDUSD=X,0.723,^TNX,0.84,AIR.NZ
2025-03-10,-1.535,BZ=F,-0.453,NZDUSD=X,-2.409,^TNX,3.333,AIR.NZ
2025-03-11,0.404,BZ=F,-0.272,NZDUSD=X,1.78,^TNX,0.0,AIR.NZ
2025-03-12,1.998,BZ=F,0.299,NZDUSD=X,0.7,^TNX,1.613,AIR.NZ
2025-03-13,-1.508,BZ=F,0.436,NZDUSD=X,-1.019,^TNX,0.794,AIR.NZ
2025-03-14,1.002,BZ=F,-0.591,NZDUSD=X,0.796,^TNX,-0.787,AIR.NZ
2025-03-17,0.694,BZ=F,0.866,NZDUSD=X,-0.046,^TNX,-1.587,AIR.NZ
2025-03-18,-0.718,BZ=F,1.255,NZDUSD=X,-0.581,^TNX,-0.806,AIR.NZ
2025-03-19,0.312,BZ=F,-0.105,NZDUSD=X,-0.584,^TNX,0.0,AIR.NZ
2025-03-20,1.724,BZ=F,0.052,NZDUSD=X,-0.54,^TNX,0.813,AIR.NZ
2025-03-21,0.222,BZ=F,-1.026,NZDUSD=X,0.449,^TNX,2.419,AIR.NZ
2025-03-24,1.164,BZ=F,-0.286,NZDUSD=X,1.858,^TNX,-0.787,AIR.NZ
2025-03-25,0.027,BZ=F,-0.324,NZDUSD=X,-0.554,^TNX,0.794,AIR.NZ
2025-03-26,1.055,BZ=F,0.11,NZDUSD=X,0.72,^TNX,-1.575,AIR.NZ
2025-03-27,0.325,BZ=F,-0.246,NZDUSD=X,0.715,^TNX,0.8,AIR.NZ
2025-03-28,-0.54,BZ=F,0.305,NZDUSD=X,-2.609,^TNX,0.0,AIR.NZ
2025-03-31,1.508,BZ=F,-0.511,NZDUSD=X,-0.212,^TNX,0.0,AIR.NZ
2025-04-01,-0.334,BZ=F,-0.641,NZDUSD=X,-2.12,^TNX,0.0,AIR.NZ
2025-04-02,0.618,BZ=F,0.765,NZDUSD=X,0.962,^TNX,-0.794,AIR.NZ
2025-04-03,-6.418,BZ=F,0.24,NZDUSD=X,-3.36,^TNX,0.0,AIR.NZ
2025-04-04,-6.501,BZ=F,1.03,NZDUSD=X,-1.726,^TNX,-3.2,AIR.NZ
2025-04-07,-2.089,BZ=F,-4.238,NZDUSD=X,4.266,^TNX,-4.132,AIR.NZ
2025-04-08,-2.165,BZ=F,-0.078,NZDUSD=X,2.575,^TNX,0.0,AIR.NZ
2025-04-09,4.234,BZ=F,-0.336,NZDUSD=X,3.238,^TNX,-1.724,AIR.NZ
2025-04-10,-3.283,BZ=F,2.151,NZDUSD=X,-0.136,^TNX,2.632,AIR.NZ
2025-04-11,2.258,BZ=F,1.963,NZDUSD=X,2.253,^TNX,-0.855,AIR.NZ
2025-04-14,0.185,BZ=F,1.538,NZDUSD=X,-2.871,^TNX,0.0,AIR.NZ
2025-04-15,-0.324,BZ=F,0.526,NZDUSD=X,-0.94,^TNX,-0.862,AIR.NZ
2025-04-16,1.825,BZ=F,0.486,NZDUSD=X,-1.018,^TNX,0.0,AIR.NZ
2025-04-17,3.204,BZ=F,0.677,NZDUSD=X,1.262,^TNX,0.0,AIR.NZ
2025-04-21,-2.501,BZ=F,,,1.662,^TNX,,
2025-04-22,1.781,BZ=F,1.09,NZDUSD=X,-0.363,^TNX,-0.87,AIR.NZ
2025-04-23,-1.957,BZ=F,-0.657,NZDUSD=X,-0.046,^TNX,0.0,AIR.NZ
2025-04-24,0.65,BZ=F,-0.139,NZDUSD=X,-1.869,^TNX,0.0,AIR.NZ
2025-04-25,0.481,BZ=F,0.598,NZDUSD=X,-0.906,^TNX,,
2025-04-28,-1.51,BZ=F,-0.644,NZDUSD=X,-1.172,^TNX,0.877,AIR.NZ
2025-04-29,-2.445,BZ=F,0.38,NZDUSD=X,-1.02,^TNX,0.87,AIR.NZ
2025-04-30,-1.759,BZ=F,-0.591,NZDUSD=X,0.096,^TNX,0.0,AIR.NZ
2025-05-01,-1.568,BZ=F,0.027,NZDUSD=X,1.293,^TNX,0.0,AIR.NZ
2025-05-02,-1.352,BZ=F,-0.418,NZDUSD=X,2.151,^TNX,0.0,AIR.NZ
2025-05-05,-1.729,BZ=F,0.653,NZDUSD=X,0.486,^TNX,-0.862,AIR.NZ
2025-05-06,3.188,BZ=F,0.156,NZDUSD=X,-0.806,^TNX,0.87,AIR.NZ
2025-05-07,-1.657,BZ=F,0.901,NZDUSD=X,-0.766,^TNX,0.862,AIR.NZ
2025-05-08,2.814,BZ=F,-1.246,NZDUSD=X,2.292,^TNX,1.709,AIR.NZ
2025-05-09,1.703,BZ=F,-0.69,NZDUSD=X,0.046,^TNX,1.681,AIR.NZ
2025-05-12,1.643,BZ=F,0.365,NZDUSD=X,1.874,^TNX,0.826,AIR.NZ
2025-05-13,2.571,BZ=F,-1.003,NZDUSD=X,0.942,^TNX,0.82,AIR.NZ
2025-05-14,-0.81,BZ=F,1.273,NZDUSD=X,0.645,^TNX,0.0,AIR.NZ
2025-05-15,-2.36,BZ=F,-0.666,NZDUSD=X,-1.612,^TNX,-0.813,AIR.NZ
2025-05-16,1.364,BZ=F,-0.385,NZDUSD=X,-0.314,^TNX,0.82,AIR.NZ
2025-05-19,0.199,BZ=F,0.226,NZDUSD=X,0.766,^TNX,-2.439,AIR.NZ
2025-05-20,-0.244,BZ=F,0.747,NZDUSD=X,0.134,^TNX,0.0,AIR.NZ
2025-05-21,-0.719,BZ=F,-0.06,NZDUSD=X,2.566,^TNX,0.0,AIR.NZ
2025-05-22,-0.724,BZ=F,0.103,NZDUSD=X,-0.936,^TNX,0.0,AIR.NZ
2025-05-23,0.528,BZ=F,-0.605,NZDUSD=X,-0.966,^TNX,0.833,AIR.NZ
2025-05-27,-1.065,BZ=F,0.05,NZDUSD=X,-1.663,^TNX,0.0,AIR.NZ
2025-05-28,1.264,BZ=F,-0.777,NZDUSD=X,0.97,^TNX,-0.833,AIR.NZ
2025-05-29,-1.156,BZ=F,0.185,NZDUSD=X,-1.184,^TNX,1.681,AIR.NZ
2025-05-30,-0.39,BZ=F,0.328,NZDUSD=X,-0.181,^TNX,-0.826,AIR.NZ
2025-06-02,1.142,BZ=F,-0.092,NZDUSD=X,1.042,^TNX,,
2025-06-03,1.547,BZ=F,1.252,NZDUSD=X,-0.045,^TNX,-1.667,AIR.NZ
2025-06-04,-1.173,BZ=F,-0.691,NZDUSD=X,-2.13,^TNX,0.0,AIR.NZ
2025-06-05,0.74,BZ=F,0.354,NZDUSD=X,0.664,^TNX,0.0,AIR.NZ
2025-06-06,1.729,BZ=F,0.247,NZDUSD=X,2.64,^TNX,0.0,AIR.NZ
2025-06-09,0.858,BZ=F,-0.299,NZDUSD=X,-0.621,^TNX,0.847,AIR.NZ
2025-06-10,-0.254,BZ=F,0.443,NZDUSD=X,-0.178,^TNX,-1.681,AIR.NZ
2025-06-11,4.337,BZ=F,0.136,NZDUSD=X,-1.386,^TNX,0.0,AIR.NZ
2025-06-12,-0.588,BZ=F,-0.371,NZDUSD=X,-1.247,^TNX,1.709,AIR.NZ
2025-06-13,7.021,BZ=F,0.474,NZDUSD=X,1.538,^TNX,0.0,AIR.NZ
2025-06-16,-1.347,BZ=F,-0.432,NZDUSD=X,0.633,^TNX,-1.681,AIR.NZ
2025-06-17,4.397,BZ=F,0.169,NZDUSD=X,-1.325,^TNX,-0.855,AIR.NZ
2025-06-18,0.327,BZ=F,-0.493,NZDUSD=X,0.091,^TNX,0.0,AIR.NZ
2025-06-20,0.404,BZ=F,-0.476,NZDUSD=X,-0.5,^TNX,,
2025-06-23,-7.181,BZ=F,-0.645,NZDUSD=X,-1.257,^TNX,-2.564,AIR.NZ
2025-06-24,-6.072,BZ=F,0.558,NZDUSD=X,-0.625,^TNX,0.877,AIR.NZ
2025-06-25,0.804,BZ=F,0.266,NZDUSD=X,0.0,^TNX,-0.87,AIR.NZ
2025-06-26,0.074,BZ=F,0.742,NZDUSD=X,-0.932,^TNX,0.877,AIR.NZ
2025-06-27,0.059,BZ=F,0.051,NZDUSD=X,0.705,^TNX,0.87,AIR.NZ
2025-06-30,-0.236,BZ=F,0.082,NZDUSD=X,-1.237,^TNX,0.862,AIR.NZ
2025-07-01,-0.74,BZ=F,0.469,NZDUSD=X,0.496,^TNX,-0.855,AIR.NZ
2025-07-02,2.98,BZ=F,0.138,NZDUSD=X,0.988,^TNX,-1.724,AIR.NZ
2025-07-03,-0.449,BZ=F,-0.187,NZDUSD=X,1.281,^TNX,2.632,AIR.NZ
2025-07-04,-0.741,BZ=F,-0.153,NZDUSD=X,,,-0.855,AIR.NZ
2025-07-07,1.889,BZ=F,-0.475,NZDUSD=X,1.081,^TNX,0.0,AIR.NZ
2025-07-08,0.819,BZ=F,-0.717,NZDUSD=X,0.455,^TNX,1.724,AIR.NZ
2025-07-09,0.057,BZ=F,-0.237,NZDUSD=X,-1.653,^TNX,0.0,AIR.NZ
2025-07-10,-2.208,BZ=F,0.08,NZDUSD=X,0.092,^TNX,0.0,AIR.NZ
2025-07-11,2.506,BZ=F,0.722,NZDUSD=X,1.772,^TNX,0.0,AIR.NZ
2025-07-14,-1.634,BZ=F,-0.576,NZDUSD=X,0.09,^TNX,0.0,AIR.NZ
2025-07-15,-0.722,BZ=F,-0.583,NZDUSD=X,1.4,^TNX,0.0,AIR.NZ
2025-07-16,-0.277,BZ=F,-0.295,NZDUSD=X,-0.757,^TNX,0.0,AIR.NZ
2025-07-17,1.459,BZ=F,-0.141,NZDUSD=X,0.18,^TNX,0.847,AIR.NZ
2025-07-18,-0.345,BZ=F,-0.027,NZDUSD=X,-0.695,^TNX,-0.84,AIR.NZ
2025-07-21,-0.101,BZ=F,0.143,NZDUSD=X,-1.354,^TNX,0.0,AIR.NZ
2025-07-22,-0.896,BZ=F,0.282,NZDUSD=X,-0.823,^TNX,-1.695,AIR.NZ
2025-07-23,-0.117,BZ=F,0.511,NZDUSD=X,1.199,^TNX,0.0,AIR.NZ
2025-07-24,0.978,BZ=F,0.795,NZDUSD=X,0.456,^TNX,0.862,AIR.NZ
2025-07-25,-1.07,BZ=F,-0.177,NZDUSD=X,-0.499,^TNX,-0.855,AIR.NZ
2025-07-28,2.338,BZ=F,-0.295,NZDUSD=X,0.775,^TNX,0.862,AIR.NZ
2025-07-29,3.527,BZ=F,-0.788,NZDUSD=X,-2.036,^TNX,-0.855,AIR.NZ
2025-07-30,1.007,BZ=F,-0.289,NZDUSD=X,1.062,^TNX,0.0,AIR.NZ
2025-07-31,-0.969,BZ=F,-0.788,NZDUSD=X,-0.366,^TNX,0.0,AIR.NZ
2025-08-01,-3.943,BZ=F,-0.322,NZDUSD=X,-3.211,^TNX,0.0,AIR.NZ
2025-08-04,-1.306,BZ=F,0.433,NZDUSD=X,-0.474,^TNX,0.0,AIR.NZ
2025-08-05,-1.629,BZ=F,0.047,NZDUSD=X,-0.095,^TNX,-0.862,AIR.NZ
2025-08-06,-1.109,BZ=F,-0.13,NZDUSD=X,0.572,^TNX,0.87,AIR.NZ
2025-08-07,-0.688,BZ=F,0.325,NZDUSD=X,0.569,^TNX,0.0,AIR.NZ
2025-08-08,0.241,BZ=F,0.702,NZDUSD=X,0.966,^TNX,0.0,AIR.NZ
2025-08-11,0.06,BZ=F,-0.349,NZDUSD=X,-0.28,^TNX,0.0,AIR.NZ
2025-08-12,-0.765,BZ=F,-0.148,NZDUSD=X,0.468,^TNX,0.0,AIR.NZ
2025-08-13,-0.741,BZ=F,0.291,NZDUSD=X,-1.281,^TNX,0.0,AIR.NZ
2025-08-14,1.844,BZ=F,0.389,NZDUSD=X,1.298,^TNX,0.862,AIR.NZ
2025-08-15,-1.481,BZ=F,-1.002,NZDUSD=X,0.815,^TNX,0.0,AIR.NZ
2025-08-18,1.139,BZ=F,0.127,NZDUSD=X,0.3,^TNX,0.0,AIR.NZ
2025-08-19,-1.216,BZ=F,-0.081,NZDUSD=X,-0.898,^TNX,0.0,AIR.NZ
2025-08-20,1.596,BZ=F,-0.441,NZDUSD=X,-0.139,^TNX,0.0,AIR.NZ
2025-08-21,1.242,BZ=F,-1.178,NZDUSD=X,0.791,^TNX,0.855,AIR.NZ
2025-08-22,0.089,BZ=F,-0.101,NZDUSD=X,-1.617,^TNX,-0.847,AIR.NZ
2025-08-25,1.58,BZ=F,0.74,NZDUSD=X,0.352,^TNX,-0.855,AIR.NZ
2025-08-26,-2.297,BZ=F,-0.277,NZDUSD=X,-0.398,^TNX,0.0,AIR.NZ
2025-08-27,1.235,BZ=F,0.158,NZDUSD=X,-0.47,^TNX,0.862,AIR.NZ
2025-08-28,0.838,BZ=F,0.047,NZDUSD=X,-0.731,^TNX,1.709,AIR.NZ
2025-08-29,-0.729,BZ=F,0.408,NZDUSD=X,0.475,^TNX,-0.84,AIR.NZ
2025-09-02,1.497,BZ=F,0.159,NZDUSD=X,1.183,^TNX,0.833,AIR.NZ
2025-09-03,-2.227,BZ=F,-0.755,NZDUSD=X,-1.543,^TNX,0.0,AIR.NZ
2025-09-04,-0.902,BZ=F,0.331,NZDUSD=X,-0.831,^TNX,0.0,AIR.NZ
2025-09-05,-2.224,BZ=F,-0.51,NZDUSD=X,-2.155,^TNX,0.0,AIR.NZ
2025-09-08,0.794,BZ=F,0.643,NZDUSD=X,-0.979,^TNX,-0.826,AIR.NZ
2025-09-09,0.56,BZ=F,0.958,NZDUSD=X,0.692,^TNX,0.0,AIR.NZ
2025-09-10,1.657,BZ=F,-0.321,NZDUSD=X,-1.031,^TNX,0.833,AIR.NZ
2025-09-11,-1.659,BZ=F,0.3,NZDUSD=X,-0.521,^TNX,-1.266,AIR.NZ
2025-09-12,0.934,BZ=F,0.572,NZDUSD=X,1.247,^TNX,0.0,AIR.NZ
2025-09-15,0.672,BZ=F,-0.408,NZDUSD=X,-0.665,^TNX,0.855,AIR.NZ
2025-09-16,1.527,BZ=F,0.264,NZDUSD=X,-0.198,^TNX,0.0,AIR.NZ
2025-09-17,-0.759,BZ=F,0.34,NZDUSD=X,1.242,^TNX,0.847,AIR.NZ
2025-09-18,-0.751,BZ=F,-0.922,NZDUSD=X,0.687,^TNX,0.84,AIR.NZ
2025-09-19,-1.127,BZ=F,-0.723,NZDUSD=X,0.853,^TNX,-1.667,AIR.NZ
2025-09-22,-0.165,BZ=F,-0.679,NZDUSD=X,0.097,^TNX,0.847,AIR.NZ
2025-09-23,1.592,BZ=F,0.299,NZDUSD=X,-0.555,^TNX,-0.84,AIR.NZ
2025-09-24,2.484,BZ=F,-0.201,NZDUSD=X,0.655,^TNX,0.847,AIR.NZ
2025-09-25,0.159,BZ=F,-0.69,NZDUSD=X,0.603,^TNX,0.0,AIR.NZ
2025-09-26,1.023,BZ=F,-0.918,NZDUSD=X,0.36,^TNX,-0.84,AIR.NZ
2025-09-29,-3.08,BZ=F,0.261,NZDUSD=X,-1.099,^TNX,0.0,AIR.NZ
2025-09-30,-1.398,BZ=F,0.057,NZDUSD=X,0.169,^TNX,0.847,AIR.NZ
2025-10-01,-2.492,BZ=F,0.25,NZDUSD=X,-1.013,^TNX,0.0,AIR.NZ
2025-10-02,-1.897,BZ=F,0.445,NZDUSD=X,-0.438,^TNX,0.0,AIR.NZ
2025-10-03,0.655,BZ=F,-0.04,NZDUSD=X,0.758,^TNX,0.84,AIR.NZ
2025-10-06,1.457,BZ=F,0.089,NZDUSD=X,1.044,^TNX,0.0,AIR.NZ
2025-10-07,-0.031,BZ=F,0.28,NZDUSD=X,-0.841,^TNX,0.0,AIR.NZ
2025-10-08,1.222,BZ=F,-0.741,NZDUSD=X,0.048,^TNX,0.0,AIR.NZ
2025-10-09,-1.555,BZ=F,-0.245,NZDUSD=X,0.46,^TNX,0.833,AIR.NZ
2025-10-10,-3.818,BZ=F,-0.529,NZDUSD=X,-2.338,^TNX,-1.653,AIR.NZ
2025-10-13,0.941,BZ=F,-0.454,NZDUSD=X,0.0,^TNX,0.84,AIR.NZ
2025-10-14,-1.469,BZ=F,-0.162,NZDUSD=X,-0.716,^TNX,-0.833,AIR.NZ
2025-10-15,-0.769,BZ=F,-0.043,NZDUSD=X,0.597,^TNX,0.0,AIR.NZ
2025-10-16,-1.373,BZ=F,0.02,NZDUSD=X,-1.73,^TNX,0.0,AIR.NZ
2025-10-17,0.377,BZ=F,0.191,NZDUSD=X,0.78,^TNX,0.84,AIR.NZ
2025-10-20,-0.457,BZ=F,0.084,NZDUSD=X,-0.524,^TNX,-0.833,AIR.NZ
2025-10-21,0.508,BZ=F,0.221,NZDUSD=X,-0.577,^TNX,0.0,AIR.NZ
2025-10-22,2.071,BZ=F,-0.033,NZDUSD=X,-0.252,^TNX,-0.84,AIR.NZ
2025-10-23,5.432,BZ=F,-0.099,NZDUSD=X,0.961,^TNX,1.695,AIR.NZ
2025-10-24,-0.076,BZ=F,0.319,NZDUSD=X,0.15,^TNX,0.0,AIR.NZ
2025-10-27,-0.485,BZ=F,0.087,NZDUSD=X,0.0,^TNX,,
2025-10-28,-1.859,BZ=F,0.266,NZDUSD=X,-0.35,^TNX,-1.667,AIR.NZ
2025-10-29,0.807,BZ=F,0.14,NZDUSD=X,1.883,^TNX,1.695,AIR.NZ
2025-10-30,0.123,BZ=F,-0.334,NZDUSD=X,0.862,^TNX,-1.667,AIR.NZ
2025-10-31,0.108,BZ=F,-0.329,NZDUSD=X,0.195,^TNX,0.847,AIR.NZ
2025-11-03,-0.277,BZ=F,-0.392,NZDUSD=X,0.122,^TNX,-0.84,AIR.NZ
2025-11-04,-0.693,BZ=F,-0.276,NZDUSD=X,-0.414,^TNX,1.695,AIR.NZ
2025-11-05,-1.428,BZ=F,-1.132,NZDUSD=X,1.663,^TNX,1.667,AIR.NZ
2025-11-06,-0.22,BZ=F,0.471,NZDUSD=X,-1.54,^TNX,0.82,AIR.NZ
2025-11-07,0.394,BZ=F,-0.529,NZDUSD=X,0.0,^TNX,-1.626,AIR.NZ
2025-11-10,0.676,BZ=F,-0.209,NZDUSD=X,0.415,^TNX,0.826,AIR.NZ
2025-11-11,1.717,BZ=F,0.295,NZDUSD=X,0.243,^TNX,2.459,AIR.NZ
2025-11-12,-3.76,BZ=F,0.239,NZDUSD=X,-1.335,^TNX,0.0,AIR.NZ
2025-11-13,0.478,BZ=F,0.088,NZDUSD=X,1.156,^TNX,-1.6,AIR.NZ
2025-11-14,2.19,BZ=F,-0.201,NZDUSD=X,0.875,^TNX,1.626,AIR.NZ
2025-11-17,-0.295,BZ=F,0.45,NZDUSD=X,-0.362,^TNX,0.0,AIR.NZ
2025-11-18,1.075,BZ=F,-0.379,NZDUSD=X,-0.242,^TNX,0.0,AIR.NZ
2025-11-19,-2.127,BZ=F,0.078,NZDUSD=X,0.243,^TNX,-0.8,AIR.NZ
2025-11-20,-0.205,BZ=F,-0.792,NZDUSD=X,-0.653,^TNX,0.806,AIR.NZ
2025-11-21,-1.294,BZ=F,-0.403,NZDUSD=X,-1.047,^TNX,-0.8,AIR.NZ
2025-11-24,1.295,BZ=F,0.382,NZDUSD=X,-0.615,^TNX,-2.419,AIR.NZ
2025-11-25,-1.404,BZ=F,0.011,NZDUSD=X,-0.892,^TNX,-0.826,AIR.NZ
2025-11-26,1.04,BZ=F,0.19,NZDUSD=X,-0.1,^TNX,-0.833,AIR.NZ
2025-11-28,0.111,BZ=F,0.421,NZDUSD=X,0.475,^TNX,0.0,AIR.NZ
2025-12-01,-0.047,BZ=F,0.094,NZDUSD=X,1.967,^TNX,0.0,AIR.NZ
2025-12-02,-1.14,BZ=F,-0.178,NZDUSD=X,-0.244,^TNX,0.0,AIR.NZ
2025-12-03,0.352,BZ=F,0.255,NZDUSD=X,-0.71,^TNX,0.0,AIR.NZ
2025-12-04,0.941,BZ=F,0.582,NZDUSD=X,1.257,^TNX,0.0,AIR.NZ
2025-12-05,0.775,BZ=F,-0.249,NZDUSD=X,0.755,^TNX,-0.84,AIR.NZ
2025-12-08,-1.976,BZ=F,0.281,NZDUSD=X,0.797,^TNX,0.0,AIR.NZ
2025-12-09,-0.88,BZ=F,0.002,NZDUSD=X,0.336,^TNX,-0.847,AIR.NZ
2025-12-10,0.436,BZ=F,0.059,NZDUSD=X,-0.526,^TNX,0.855,AIR.NZ
2025-12-11,-1.495,BZ=F,0.652,NZDUSD=X,-0.552,^TNX,-0.847,AIR.NZ
2025-12-12,-0.261,BZ=F,-0.138,NZDUSD=X,1.28,^TNX,0.0,AIR.NZ
2025-12-15,-0.916,BZ=F,-0.118,NZDUSD=X,-0.286,^TNX,0.0,AIR.NZ
2025-12-16,-2.708,BZ=F,-0.279,NZDUSD=X,-0.789,^TNX,-0.855,AIR.NZ
2025-12-17,1.29,BZ=F,-0.002,NZDUSD=X,0.048,^TNX,0.0,AIR.NZ
2025-12-18,0.235,BZ=F,-0.225,NZDUSD=X,-0.843,^TNX,-0.862,AIR.NZ
2025-12-19,1.087,BZ=F,0.054,NZDUSD=X,0.85,^TNX,0.0,AIR.NZ
2025-12-22,2.646,BZ=F,-0.367,NZDUSD=X,0.434,^TNX,0.0,AIR.NZ
2025-12-23,0.499,BZ=F,0.744,NZDUSD=X,0.0,^TNX,0.0,AIR.NZ
2025-12-24,-0.224,BZ=F,0.781,NZDUSD=X,-0.792,^TNX,0.87,AIR.NZ
2025-12-26,-2.571,BZ=F,-0.113,NZDUSD=X,0.0,^TNX,,
2025-12-29,2.144,BZ=F,-0.177,NZDUSD=X,-0.484,^TNX,0.0,AIR.NZ
2025-12-30,-0.032,BZ=F,-0.299,NZDUSD=X,0.34,^TNX,-0.862,AIR.NZ
2025-12-31,-1.728,BZ=F,-0.296,NZDUSD=X,0.799,^TNX,0.87,AIR.NZ
2026-01-02,-0.164,BZ=F,-0.58,NZDUSD=X,0.576,^TNX,,
2026-01-05,1.663,BZ=F,-0.04,NZDUSD=X,-0.525,^TNX,1.724,AIR.NZ
2026-01-06,-1.716,BZ=F,0.533,NZDUSD=X,0.336,^TNX,-0.847,AIR.NZ
2026-01-07,-1.219,BZ=F,-0.075,NZDUSD=X,-0.981,^TNX,0.855,AIR.NZ
2026-01-08,3.386,BZ=F,-0.14,NZDUSD=X,1.087,^TNX,0.0,AIR.NZ
2026-01-09,2.178,BZ=F,-0.399,NZDUSD=X,-0.287,^TNX,0.0,AIR.NZ
2026-01-12,0.837,BZ=F,-0.367,NZDUSD=X,0.384,^TNX,0.0,AIR.NZ
2026-01-13,2.505,BZ=F,0.757,NZDUSD=X,-0.382,^TNX,-0.847,AIR.NZ
2026-01-14,1.604,BZ=F,-0.587,NZDUSD=X,-0.743,^TNX,0.855,AIR.NZ
2026-01-15,-4.149,BZ=F,0.096,NZDUSD=X,0.483,^TNX,-0.847,AIR.NZ
2026-01-16,0.58,BZ=F,-0.021,NZDUSD=X,1.707,^TNX,0.0,AIR.NZ
2026-01-20,1.232,BZ=F,0.523,NZDUSD=X,1.513,^TNX,-0.855,AIR.NZ
2026-01-21,0.493,BZ=F,0.583,NZDUSD=X,-0.978,^TNX,-0.862,AIR.NZ
2026-01-22,-1.809,BZ=F,0.187,NZDUSD=X,-0.094,^TNX,0.87,AIR.NZ
2026-01-23,2.841,BZ=F,1.345,NZDUSD=X,-0.235,^TNX,0.0,AIR.NZ
2026-01-26,-0.44,BZ=F,0.738,NZDUSD=X,-0.613,^TNX,-0.862,AIR.NZ
2026-01-27,3.019,BZ=F,0.173,NZDUSD=X,0.237,^TNX,0.87,AIR.NZ
2026-01-28,1.228,BZ=F,0.956,NZDUSD=X,0.663,^TNX,-0.862,AIR.NZ
2026-01-29,3.377,BZ=F,0.622,NZDUSD=X,-0.565,^TNX,0.0,AIR.NZ
2026-01-30,-0.028,BZ=F,0.171,NZDUSD=X,0.331,^TNX,0.87,AIR.NZ
2026-02-02,-6.21,BZ=F,-1.007,NZDUSD=X,0.802,^TNX,-1.724,AIR.NZ
2026-02-03,1.554,BZ=F,-0.06,NZDUSD=X,-0.023,^TNX,0.0,AIR.NZ
2026-02-04,3.164,BZ=F,0.52,NZDUSD=X,0.023,^TNX,1.754,AIR.NZ
2026-02-05,-2.75,BZ=F,-0.728,NZDUSD=X,-1.52,^TNX,-0.862,AIR.NZ
2026-02-06,0.74,BZ=F,-0.988,NZDUSD=X,-0.095,^TNX,,
2026-02-09,1.455,BZ=F,1.574,NZDUSD=X,-0.19,^TNX,0.87,AIR.NZ
2026-02-10,-0.348,BZ=F,0.338,NZDUSD=X,-1.215,^TNX,0.0,AIR.NZ
2026-02-11,0.872,BZ=F,-0.183,NZDUSD=X,0.603,^TNX,0.0,AIR.NZ
2026-02-12,-2.709,BZ=F,0.119,NZDUSD=X,-1.63,^TNX,0.0,AIR.NZ
2026-02-13,0.341,BZ=F,-0.27,NZDUSD=X,-1.17,^TNX,-0.862,AIR.NZ
2026-02-17,-0.487,BZ=F,-0.03,NZDUSD=X,-0.099,^TNX,1.739,AIR.NZ
2026-02-18,4.346,BZ=F,0.28,NZDUSD=X,0.666,^TNX,0.0,AIR.NZ
2026-02-19,1.862,BZ=F,-1.341,NZDUSD=X,-0.098,^TNX,0.0,AIR.NZ
2026-02-20,0.14,BZ=F,0.054,NZDUSD=X,0.27,^TNX,-1.709,AIR.NZ
2026-02-23,-0.376,BZ=F,0.552,NZDUSD=X,-1.395,^TNX,-0.87,AIR.NZ
2026-02-24,-1.007,BZ=F,-0.726,NZDUSD=X,0.099,^TNX,0.877,AIR.NZ
2026-02-25,0.113,BZ=F,0.087,NZDUSD=X,0.372,^TNX,0.0,AIR.NZ
2026-02-26,-0.141,BZ=F,0.592,NZDUSD=X,-0.766,^TNX,-1.739,AIR.NZ
2026-02-27,2.445,BZ=F,-0.344,NZDUSD=X,-1.369,^TNX,-1.77,AIR.NZ
2026-03-02,7.257,BZ=F,-0.377,NZDUSD=X,2.171,^TNX,-0.901,AIR.NZ
2026-03-03,4.708,BZ=F,-0.149,NZDUSD=X,0.198,^TNX,0.0,AIR.NZ
2026-03-04,0.0,BZ=F,-1.004,NZDUSD=X,0.592,^TNX,-1.818,AIR.NZ
2026-03-05,4.926,BZ=F,0.824,NZDUSD=X,1.618,^TNX,0.926,AIR.NZ
2026-03-06,8.524,BZ=F,-0.672,NZDUSD=X,-0.314,^TNX,-6.422,AIR.NZ
2026-03-09,6.764,BZ=F,-0.805,NZDUSD=X,0.073,^TNX,0.0,AIR.NZ
2026-03-10,-11.277,BZ=F,1.314,NZDUSD=X,0.0,^TNX,-8.824,AIR.NZ
2026-03-11,4.761,BZ=F,-0.045,NZDUSD=X,1.741,^TNX,-1.075,AIR.NZ
2026-03-12,9.219,BZ=F,-0.486,NZDUSD=X,1.545,^TNX,-1.087,AIR.NZ
2026-03-13,2.668,BZ=F,-0.723,NZDUSD=X,0.281,^TNX,-1.099,AIR.NZ
2026-03-16,-2.841,BZ=F,-0.952,NZDUSD=X,-1.517,^TNX,-3.333,AIR.NZ
2026-03-17,3.203,BZ=F,0.973,NZDUSD=X,-0.427,^TNX,0.0,AIR.NZ
2026-03-18,3.829,BZ=F,0.094,NZDUSD=X,1.356,^TNX,1.149,AIR.NZ
2026-03-19,1.183,BZ=F,-1.086,NZDUSD=X,0.517,^TNX,-1.136,AIR.NZ
2026-03-20,3.258,BZ=F,1.255,NZDUSD=X,2.569,^TNX,-1.149,AIR.NZ
2026-03-23,-10.919,BZ=F,-0.632,NZDUSD=X,-1.298,^TNX,-3.488,AIR.NZ
2026-03-24,4.553,BZ=F,0.384,NZDUSD=X,1.338,^TNX,3.614,AIR.NZ
2026-03-25,-2.172,BZ=F,-0.265,NZDUSD=X,-1.457,^TNX,1.163,AIR.NZ
2026-03-26,5.664,BZ=F,-0.543,NZDUSD=X,2.033,^TNX,1.149,AIR.NZ
2026-03-27,4.222,BZ=F,-0.768,NZDUSD=X,0.543,^TNX,-2.273,AIR.NZ
2026-03-30,0.187,BZ=F,-0.588,NZDUSD=X,-2.207,^TNX,-3.488,AIR.NZ
2026-03-31,4.939,BZ=F,-0.184,NZDUSD=X,-0.714,^TNX,3.614,AIR.NZ
2026-04-01,-14.525,BZ=F,0.677,NZDUSD=X,0.186,^TNX,1.163,AIR.NZ
2026-04-02,7.78,BZ=F,-0.104,NZDUSD=X,-0.139,^TNX,0.0,AIR.NZ
2026-04-06,0.679,BZ=F,-0.544,NZDUSD=X,0.51,^TNX,,
2026-04-07,-0.455,BZ=F,0.489,NZDUSD=X,0.185,^TNX,4.598,AIR.NZ
2026-04-08,-13.288,BZ=F,1.659,NZDUSD=X,-1.197,^TNX,4.396,AIR.NZ
2026-04-09,1.235,BZ=F,0.277,NZDUSD=X,0.047,^TNX,-3.158,AIR.NZ
2026-04-10,-0.751,BZ=F,0.431,NZDUSD=X,0.559,^TNX,-3.261,AIR.NZ
2026-04-13,4.37,BZ=F,-0.789,NZDUSD=X,-0.463,^TNX,-2.247,AIR.NZ
2026-04-14,-4.599,BZ=F,1.166,NZDUSD=X,-0.954,^TNX,1.149,AIR.NZ
2026-04-15,0.148,BZ=F,0.537,NZDUSD=X,0.611,^TNX,3.409,AIR.NZ
2026-04-16,4.698,BZ=F,0.147,NZDUSD=X,0.631,^TNX,1.099,AIR.NZ
2026-04-17,-9.065,BZ=F,-0.441,NZDUSD=X,-1.462,^TNX,-4.348,AIR.NZ
2026-04-20,5.643,BZ=F,-0.355,NZDUSD=X,0.094,^TNX,2.273,AIR.NZ
2026-04-21,3.142,BZ=F,0.702,NZDUSD=X,0.988,^TNX,0.0,AIR.NZ
2026-04-22,3.483,BZ=F,-0.14,NZDUSD=X,0.047,^TNX,-1.111,AIR.NZ
2026-04-23,3.101,BZ=F,0.131,NZDUSD=X,0.675,^TNX,1.124,AIR.NZ
2026-04-24,0.247,BZ=F,-0.88,NZDUSD=X,-0.301,^TNX,-1.111,AIR.NZ
2026-04-27,2.753,BZ=F,0.292,NZDUSD=X,0.603,^TNX,,
2026-04-28,2.8,BZ=F,0.711,NZDUSD=X,0.415,^TNX,-3.371,AIR.NZ
2026-04-29,6.085,BZ=F,-0.409,NZDUSD=X,1.47,^TNX,0.0,AIR.NZ
2026-04-30,-3.406,BZ=F,-0.814,NZDUSD=X,-0.634,^TNX,-1.163,AIR.NZ
2026-05-01,-5.122,BZ=F,1.138,NZDUSD=X,-0.273,^TNX,0.0,AIR.NZ
2026-05-04,5.796,BZ=F,-0.008,NZDUSD=X,1.553,^TNX,-1.176,AIR.NZ
2026-05-05,-3.993,BZ=F,-0.577,NZDUSD=X,-0.675,^TNX,0.0,AIR.NZ
2026-05-06,-7.827,BZ=F,0.526,NZDUSD=X,-1.359,^TNX,2.381,AIR.NZ
2026-05-07,-1.195,BZ=F,0.852,NZDUSD=X,0.826,^TNX,2.326,AIR.NZ
2026-05-08,1.229,BZ=F,-0.254,NZDUSD=X,-0.638,^TNX,-3.409,AIR.NZ
2026-05-11,2.883,BZ=F,0.201,NZDUSD=X,1.054,^TNX,2.353,AIR.NZ
2026-05-12,3.416,BZ=F,0.25,NZDUSD=X,1.202,^TNX,0.0,AIR.NZ
2026-05-13,-1.986,BZ=F,-0.216,NZDUSD=X,0.403,^TNX,-1.149,AIR.NZ
2026-05-14,0.085,BZ=F,-0.348,NZDUSD=X,-0.446,^TNX,-5.814,AIR.NZ
2026-05-15,3.348,BZ=F,-0.475,NZDUSD=X,3.004,^TNX,-1.235,AIR.NZ
2026-05-18,2.599,BZ=F,-1.201,NZDUSD=X,0.609,^TNX,0.0,AIR.NZ
2026-05-19,-0.731,BZ=F,0.715,NZDUSD=X,0.952,^TNX,1.25,AIR.NZ
2026-05-20,-5.625,BZ=F,-0.697,NZDUSD=X,-2.036,^TNX,2.469,AIR.NZ
2026-05-21,-2.323,BZ=F,0.599,NZDUSD=X,0.306,^TNX,2.41,AIR.NZ
2026-05-22,0.936,BZ=F,0.174,NZDUSD=X,-0.611,^TNX,0.0,AIR.NZ
2026-05-26,-3.825,BZ=F,-0.185,NZDUSD=X,-1.426,^TNX,3.529,AIR.NZ
2026-05-27,-5.312,BZ=F,-0.335,NZDUSD=X,-0.267,^TNX,1.136,AIR.NZ
2026-05-28,-0.615,BZ=F,0.854,NZDUSD=X,-0.58,^TNX,0.0,AIR.NZ
2026-05-29,-1.771,BZ=F,0.904,NZDUSD=X,-0.045,^TNX,-1.124,AIR.NZ
2026-06-01,3.183,BZ=F,0.605,NZDUSD=X,0.494,^TNX,,
2026-06-02,1.074,BZ=F,-0.769,NZDUSD=X,-0.447,^TNX,-2.273,AIR.NZ
2026-06-03,1.885,BZ=F,-0.223,NZDUSD=X,0.808,^TNX,-2.326,AIR.NZ
2026-06-04,-2.842,BZ=F,-0.866,NZDUSD=X,-0.312,^TNX,-1.19,AIR.NZ
2026-06-05,-2.041,BZ=F,-0.022,NZDUSD=X,1.318,^TNX,2.41,AIR.NZ
2026-06-08,1.246,BZ=F,-1.247,NZDUSD=X,0.353,^TNX,-2.353,AIR.NZ
2026-06-09,-2.971,BZ=F,0.119,NZDUSD=X,-0.527,^TNX,6.024,AIR.NZ
2026-06-10,1.804,BZ=F,0.067,NZDUSD=X,0.309,^TNX,-3.409,AIR.NZ
2026-06-11,-2.922,BZ=F,-0.227,NZDUSD=X,-1.739,^TNX,-1.176,AIR.NZ
2026-06-12,-3.375,BZ=F,0.664,NZDUSD=X,0.538,^TNX,0.0,AIR.NZ
2016-06-13,,,,NZDUSD=X,,^TNX,,AIR.NZ
2016-07-04,,,0.56,NZDUSD=X,,,0.957,AIR.NZ
2016-09-05,,,0.029,NZDUSD=X,,,3.297,AIR.NZ
2016-10-10,,,0.115,NZDUSD=X,-0.749,^TNX,0.565,AIR.NZ
2016-11-11,,,-0.982,NZDUSD=X,,,1.309,AIR.NZ
2016-11-24,,,-1.008,NZDUSD=X,,,-0.497,AIR.NZ
2016-12-26,,,-0.296,NZDUSD=X,,,,
2017-01-02,,,-0.541,NZDUSD=X,,,,
2017-01-16,,,0.277,NZDUSD=X,,,-0.223,AIR.NZ
2017-02-20,,,-0.465,NZDUSD=X,,,-1.389,AIR.NZ
2017-04-14,,,0.031,NZDUSD=X,,,,
2017-05-29,,,0.47,NZDUSD=X,,,0.174,AIR.NZ
2017-07-04,,,-0.656,NZDUSD=X,,,2.424,AIR.NZ
2017-09-04,,,-0.158,NZDUSD=X,,,0.139,AIR.NZ
2017-11-23,,,0.406,NZDUSD=X,,,0.472,AIR.NZ
2017-12-25,,,0.011,NZDUSD=X,,,,
2018-01-01,,,0.289,NZDUSD=X,,,,
2018-01-15,,,-0.162,NZDUSD=X,,,1.169,AIR.NZ
2018-02-19,,,-0.148,NZDUSD=X,,,0.513,AIR.NZ
2018-03-30,,,0.244,NZDUSD=X,,,,
2018-05-28,,,-0.153,NZDUSD=X,,,1.395,AIR.NZ
2018-07-04,,,0.629,NZDUSD=X,,,0.0,AIR.NZ
2018-09-03,,,-0.596,NZDUSD=X,,,0.152,AIR.NZ
2018-11-22,,,0.541,NZDUSD=X,,,-0.977,AIR.NZ
2018-12-05,,,0.189,NZDUSD=X,,,-0.492,AIR.NZ
2018-12-25,,,0.267,NZDUSD=X,,,,
2019-01-01,,,0.257,NZDUSD=X,,,,
2019-01-21,,,-0.338,NZDUSD=X,,,1.231,AIR.NZ
2019-02-18,,,0.481,NZDUSD=X,,,-0.188,AIR.NZ
2019-04-19,,,-0.582,NZDUSD=X,,,,
2019-05-27,,,0.535,NZDUSD=X,,,-0.368,AIR.NZ
2019-07-04,,,0.454,NZDUSD=X,,,0.563,AIR.NZ
2019-09-02,,,-0.269,NZDUSD=X,,,1.047,AIR.NZ
2019-11-28,,,-0.217,NZDUSD=X,,,-0.352,AIR.NZ
2019-12-25,,,0.127,NZDUSD=X,,,0.0,AIR.NZ
2020-01-01,,,0.758,NZDUSD=X,,,,
2020-01-20,,,-0.279,NZDUSD=X,,,0.828,AIR.NZ
2020-02-17,,,0.054,NZDUSD=X,,,1.091,AIR.NZ
2020-04-10,,,1.006,NZDUSD=X,,,,
2020-05-25,,,-0.3,NZDUSD=X,,,0.803,AIR.NZ
2020-07-03,,,0.463,NZDUSD=X,,,-0.68,AIR.NZ
2020-09-07,,,0.356,NZDUSD=X,,,0.0,AIR.NZ
2020-11-26,,,0.358,NZDUSD=X,,,-4.233,AIR.NZ
2020-12-25,,,0.573,NZDUSD=X,,,,
2021-01-01,,,-0.463,NZDUSD=X,,,,
2021-01-18,,,-1.319,NZDUSD=X,,,-1.441,AIR.NZ
2021-02-15,,,-0.162,NZDUSD=X,,,-0.319,AIR.NZ
2021-04-02,,,0.593,NZDUSD=X,,,,
2021-05-31,,,-0.568,NZDUSD=X,,,0.3,AIR.NZ
2021-07-05,,,0.893,NZDUSD=X,,,1.608,AIR.NZ
2021-09-06,,,0.579,NZDUSD=X,,,0.958,AIR.NZ
2021-11-25,,,-1.116,NZDUSD=X,,,1.254,AIR.NZ
2021-12-24,,,0.241,NZDUSD=X,,,0.0,AIR.NZ
2022-01-17,,,-0.782,NZDUSD=X,,,-0.331,AIR.NZ
2022-02-21,,,-0.021,NZDUSD=X,,,-0.94,AIR.NZ
2022-04-15,,,-0.255,NZDUSD=X,,,,
2022-05-30,,,0.798,NZDUSD=X,,,0.763,AIR.NZ
2022-06-20,,,-0.552,NZDUSD=X,,,0.0,AIR.NZ
2022-07-04,,,-0.505,NZDUSD=X,,,5.128,AIR.NZ
2022-09-05,,,0.023,NZDUSD=X,,,-1.481,AIR.NZ
2022-11-24,,,1.564,NZDUSD=X,,,-0.629,AIR.NZ
2022-12-26,,,0.654,NZDUSD=X,,,,
2023-01-02,,,0.455,NZDUSD=X,,,,
2023-01-16,,,-0.043,NZDUSD=X,,,0.0,AIR.NZ
2023-02-20,,,-0.147,NZDUSD=X,,,0.0,AIR.NZ
2023-04-07,,,-1.152,NZDUSD=X,,,,
2023-05-29,,,0.073,NZDUSD=X,,,0.645,AIR.NZ
2023-06-19,,,-0.054,NZDUSD=X,,,0.0,AIR.NZ
2023-07-04,,,0.388,NZDUSD=X,,,-0.637,AIR.NZ
2023-09-04,,,-0.575,NZDUSD=X,,,1.852,AIR.NZ
2023-12-25,,,0.391,NZDUSD=X,,,,
2024-01-01,,,-0.24,NZDUSD=X,,,,
2024-01-15,,,-0.149,NZDUSD=X,,,-1.55,AIR.NZ
2024-02-19,,,0.412,NZDUSD=X,,,-3.125,AIR.NZ
2024-03-29,,,-0.297,NZDUSD=X,,,,
2024-05-27,,,0.4,NZDUSD=X,,,-0.943,AIR.NZ
2024-06-19,,,0.042,NZDUSD=X,,,0.0,AIR.NZ
2024-07-04,,,0.411,NZDUSD=X,,,-0.935,AIR.NZ
2024-09-02,,,-0.212,NZDUSD=X,,,1.835,AIR.NZ
2024-11-28,,,0.965,NZDUSD=X,,,-1.786,AIR.NZ
2024-12-25,,,0.025,NZDUSD=X,,,,
2025-01-20,,,-0.37,NZDUSD=X,,,-1.613,AIR.NZ
2025-02-17,,,0.933,NZDUSD=X,,,-0.781,AIR.NZ
2025-05-26,,,1.595,NZDUSD=X,,,-0.826,AIR.NZ
2025-06-19,,,0.168,NZDUSD=X,,,0.862,AIR.NZ
2025-09-01,,,0.2,NZDUSD=X,,,1.695,AIR.NZ
2025-11-27,,,1.467,NZDUSD=X,,,0.0,AIR.NZ
2026-01-19,,,0.345,NZDUSD=X,,,0.0,AIR.NZ
2026-02-16,,,0.02,NZDUSD=X,,,0.0,AIR.NZ
2026-04-03,,,-0.562,NZDUSD=X,,,,
2026-05-25,,,-0.094,NZDUSD=X,,,0.0,AIR.NZ
2026-06-14,,,0.043,NZDUSD=X,,,,
